assignee_code,assignee_id,skills,skill_scores,hourly_cost_usd,seniority_level
A-1,cc2d8162-25a0-4321-84c8-433ff84f642a,Bug fixing / Maintenance;Build & Release Engineering;Design & API Evolution;Documentation;Feature / Improvement Implementation;Other;Project / General Task;Testing & Verification,23;8;1;6;7;4;5;30,77.0,senior
A-10,dcdf3747-2235-418c-ac15-8cef3316b096,Bug fixing / Maintenance;Build & Release Engineering;Design & API Evolution;Documentation;Feature / Improvement Implementation;Other;Performance Optimization;Testing & Verification,9;14;4;5;3;1;1;3,70.0,senior
A-100,ed3255f9-7436-485b-9266-98d7258da765,Bug fixing / Maintenance,4,18.0,junior
A-101,44011b79-27ed-4216-b3e1-54c4f0eaee52,Bug fixing / Maintenance,2,18.0,junior
A-102,43cd398f-6e80-4a77-8b7b-4ff66c068f99,Bug fixing / Maintenance;Feature / Improvement Implementation,1;1,20.0,junior
A-103,04827508-4392-4afe-a5b0-07ce6de7d170,Bug fixing / Maintenance;Feature / Improvement Implementation,1;1,20.0,junior
A-104,aa696787-13d0-4c0b-834e-0cfd21ba7793,Bug fixing / Maintenance;Build & Release Engineering;Code Refactoring & Cleanup;Design & API Evolution;Documentation;Feature / Improvement Implementation;Other;Performance Optimization;Project / General Task;Testing & Verification,73;18;19;20;13;26;81;3;3;46,132.5,expert
A-105,073a8f1b-b540-4fc8-b643-12e8ff27d249,Bug fixing / Maintenance;Feature / Improvement Implementation,1;1,20.0,junior
A-106,052f897b-46e3-4655-8f15-8aa81c69aa3e,Bug fixing / Maintenance;Build & Release Engineering;Design & API Evolution;Documentation;Feature / Improvement Implementation;Performance Optimization;Testing & Verification,22;6;5;6;8;1;8,89.0,senior
A-107,fdbf92b5-6cfa-4c8d-b65d-93c91f04244f,Feature / Improvement Implementation;Testing & Verification,1;1,21.0,junior
A-108,38a42ea4-db9b-4cd1-b8ef-fec2696d3507,Bug fixing / Maintenance;Design & API Evolution;Feature / Improvement Implementation,1;1;1,37.5,mid
A-109,6039302c-cf9d-4d3e-87a0-1cb2aa291875,Bug fixing / Maintenance,1,18.0,junior
A-11,9ced0fba-1897-4669-85d0-3465ea373680,Bug fixing / Maintenance;Build & Release Engineering,6;4,27.5,junior
A-110,7df05cae-115e-40c4-899e-e65884bcb9d0,Bug fixing / Maintenance;Documentation;Feature / Improvement Implementation;Project / General Task,2;1;1;1,33.0,mid
A-111,713d3f23-4b94-4448-bb31-ecb3d7ed3a44,Bug fixing / Maintenance;Design & API Evolution;Feature / Improvement Implementation,1;1;2,37.5,mid
A-112,030c2ba8-9000-4057-aea1-193e8cdd7510,Bug fixing / Maintenance,1,18.0,junior
A-113,52be6da8-45f2-4c44-a3be-b7d3a7bb51bd,Code Refactoring & Cleanup,1,24.0,junior
A-114,3341513a-ae46-4314-8534-46c994e93204,Bug fixing / Maintenance;Build & Release Engineering;Code Refactoring & Cleanup;Design & API Evolution;Documentation;Feature / Improvement Implementation;Other;Testing & Verification,23;5;1;5;3;13;1;4,82.0,senior
A-115,254c73e1-594c-40d8-923b-09c1eb8872c8,Bug fixing / Maintenance;Documentation;Feature / Improvement Implementation,4;1;1,35.5,mid
A-116,6c0f4def-1e70-4a9f-819d-fc00eaed089b,Bug fixing / Maintenance;Build & Release Engineering;Code Refactoring & Cleanup;Design & API Evolution;Documentation;Feature / Improvement Implementation;Other;Performance Optimization;Project / General Task;Testing & Verification,125;40;3;16;24;38;14;1;22;26,132.5,expert
A-117,4751d950-7b11-4605-9909-2e11afcff69a,Bug fixing / Maintenance;Performance Optimization;Testing & Verification,1;1;2,34.0,mid
A-118,988fa4d3-f9c1-4c8f-8131-2c7f51e7da16,Bug fixing / Maintenance;Build & Release Engineering;Code Refactoring & Cleanup;Design & API Evolution;Documentation;Feature / Improvement Implementation;Other;Project / General Task;Testing & Verification,30;6;1;2;1;18;8;1;2,111.5,expert
A-119,35974b75-bb49-4ad4-b57a-a4b03baecaa0,Bug fixing / Maintenance;Build & Release Engineering;Design & API Evolution;Documentation;Feature / Improvement Implementation;Other;Performance Optimization;Project / General Task;Testing & Verification,119;47;12;15;33;2;1;28;77,130.5,expert
A-12,0aae928c-88c5-4f93-9803-20624285e82b,Bug fixing / Maintenance;Feature / Improvement Implementation,7;1,24.0,junior
A-120,34748da2-cc00-4c81-b981-9db26c3854dd,Bug fixing / Maintenance;Build & Release Engineering;Feature / Improvement Implementation,1;2;4,43.0,mid
A-121,fdfe8079-9964-4b58-b10e-ac728a817a38,Bug fixing / Maintenance;Build & Release Engineering;Project / General Task,15;4;2,44.0,mid
A-122,95ac5367-4bba-4362-b06e-11e82e03aead,Design & API Evolution,1,30.0,junior
A-123,14712315-e264-4310-8501-12825ee77677,Build & Release Engineering;Testing & Verification,1;1,24.0,junior
A-124,40603149-daf9-46ff-89e7-174d12d0c178,Bug fixing / Maintenance,1,18.0,junior
A-125,b8d3fe48-e110-4a7a-9ed3-f1491ff42379,Bug fixing / Maintenance,3,18.0,junior
A-126,a748e2d9-8af5-40ad-97f8-dc92d54c8869,Bug fixing / Maintenance;Build & Release Engineering;Documentation;Feature / Improvement Implementation;Other;Performance Optimization;Testing & Verification,15;2;1;1;1;1;1,66.0,senior
A-127,de1356cb-ba37-4bb4-8a00-4d49752688d1,Bug fixing / Maintenance,1,18.0,junior
A-128,051dd826-36eb-42bb-8069-4c590dcb9b8f,Bug fixing / Maintenance,1,18.0,junior
A-129,579c5f94-6b12-497e-88a5-5c501664c669,Bug fixing / Maintenance;Documentation,37;1,23.5,junior
A-13,85d7ca9a-d6a5-4115-b91b-5673af911b83,Other,1,10.0,junior
A-130,984c1748-71a5-41e9-a9a4-26221154b575,Bug fixing / Maintenance,3,18.0,junior
A-131,07ee2cd8-7175-4dbd-bd94-1f8f4eb06923,Bug fixing / Maintenance;Build & Release Engineering;Design & API Evolution;Feature / Improvement Implementation;Other;Performance Optimization;Project / General Task,15;1;3;7;1;1;1,70.0,senior
A-132,fbdacb61-6962-41dc-b1ae-e0341c238bd6,Bug fixing / Maintenance,3,18.0,junior
A-133,26db85de-66d5-416a-86b0-6182d693c0de,Bug fixing / Maintenance;Build & Release Engineering;Design & API Evolution;Documentation;Feature / Improvement Implementation;Other;Performance Optimization;Project / General Task;Testing & Verification,65;3;6;4;24;2;1;1;9,130.5,expert
A-134,cf5a5764-f8d8-4c71-a764-bbb05ba19f64,Bug fixing / Maintenance;Documentation;Feature / Improvement Implementation,9;1;8,41.0,mid
A-135,90c38afa-aff9-49a1-88af-540f586aec42,Bug fixing / Maintenance,2,18.0,junior
A-136,03e62f68-1db8-4d13-99f8-95113ef7cff8,Bug fixing / Maintenance;Build & Release Engineering;Code Refactoring & Cleanup;Design & API Evolution;Documentation;Feature / Improvement Implementation;Other;Performance Optimization;Project / General Task;Testing & Verification,707;40;12;21;23;60;201;11;4;100,132.5,expert
A-137,782be755-e073-419d-a7d5-8c0b986f20be,Bug fixing / Maintenance,1,18.0,junior
A-138,927bce68-8b22-4575-8d5e-6a843125eb3c,Bug fixing / Maintenance;Build & Release Engineering,1;1,23.0,junior
A-139,2726c44a-5466-4e99-aa2e-3395213f6b8d,Bug fixing / Maintenance;Build & Release Engineering;Code Refactoring & Cleanup;Design & API Evolution;Documentation;Feature / Improvement Implementation;Other;Performance Optimization;Testing & Verification,114;13;2;12;22;23;39;4;91,137.5,expert
A-14,d55fbbad-034a-4900-ab3b-309186e82c97,Bug fixing / Maintenance;Build & Release Engineering;Design & API Evolution;Documentation;Feature / Improvement Implementation;Performance Optimization;Project / General Task;Testing & Verification,25;12;7;3;12;1;1;7,85.0,senior
A-140,6f8b2ff8-2c02-490b-bb32-b85f366b8d93,Build & Release Engineering,1,28.0,junior
A-141,63cdd23f-678c-4dad-86b5-92c1be5d0bc8,Bug fixing / Maintenance;Design & API Evolution;Feature / Improvement Implementation;Other;Performance Optimization;Testing & Verification,1;4;7;3;1;1,69.5,senior
A-142,14232596-4e96-486f-a4e3-808adec821c7,Bug fixing / Maintenance,1,18.0,junior
A-143,5d938c8b-f3ff-4440-bbcb-7b94a14193cf,Bug fixing / Maintenance;Feature / Improvement Implementation,1;1,20.0,junior
A-144,f3bc786a-e38c-4c90-b7ef-725cb58c8124,Testing & Verification,1,20.0,junior
A-145,ef84f0f9-fa07-4e12-ab67-2900e5f98ab9,Bug fixing / Maintenance,3,18.0,junior
A-146,c55bf898-cfe0-4885-8705-7ab856bff43b,Bug fixing / Maintenance,3,18.0,junior
A-147,67dd98d4-b3b2-4ef5-bcbb-d6efdbdbf633,Bug fixing / Maintenance,2,18.0,junior
A-148,7d3c12cd-7d68-4033-a5fc-5b3b3ea22798,Bug fixing / Maintenance;Design & API Evolution;Documentation;Feature / Improvement Implementation,28;1;2;11,47.5,mid
A-149,4d769156-4e83-493b-a797-f89c3668b0c2,Bug fixing / Maintenance;Build & Release Engineering;Design & API Evolution;Documentation;Feature / Improvement Implementation,18;2;1;2;11,50.0,mid
A-15,93ab6c02-cda0-481f-bb8e-e7113033e37b,Documentation,1,16.0,junior
A-150,34cbfdb5-d492-41a8-aead-47a6d27d9a89,Bug fixing / Maintenance,3,18.0,junior
A-151,ce411fe3-c9a0-4760-995f-3dca3e547e19,Bug fixing / Maintenance;Documentation;Feature / Improvement Implementation;Other;Testing & Verification,18;2;7;2;1,38.0,mid
A-152,3fce2fa3-2c3b-4aea-b2eb-cb2caf656715,Bug fixing / Maintenance;Build & Release Engineering;Design & API Evolution,1;1;1,40.5,mid
A-153,c56b3128-0619-4b19-8771-d487b4520f71,Bug fixing / Maintenance,5,21.5,junior
A-154,538c181a-1ac9-4269-ab16-54eec869fb5e,Bug fixing / Maintenance,4,18.0,junior
A-155,8f30f6f9-9e93-4f38-9652-ed6948ce0f10,Bug fixing / Maintenance;Design & API Evolution;Testing & Verification,3;1;2,43.0,mid
A-156,b032d90a-80b7-4c9f-bb77-09c80d4918af,Bug fixing / Maintenance;Build & Release Engineering;Design & API Evolution;Documentation;Feature / Improvement Implementation;Other;Performance Optimization;Project / General Task;Testing & Verification,4;3;1;14;33;5;3;2;1,113.0,expert
A-157,49bef7fe-1f80-45d8-9a2c-62c148784a82,Bug fixing / Maintenance;Documentation;Other;Project / General Task,3;1;2;1,27.5,mid
A-158,eda5aa22-2373-4cef-ac1e-27d1809a34c2,Bug fixing / Maintenance,1,18.0,junior
A-159,2aacca5f-ad8d-4927-a395-20f288946aeb,Bug fixing / Maintenance;Build & Release Engineering;Documentation;Other;Testing & Verification,5;2;2;1;3,35.0,mid
A-16,a017b55d-f214-4255-a758-1aa67d0d6f7b,Bug fixing / Maintenance;Build & Release Engineering,2;2,23.0,junior
A-160,bee4f40a-45f6-4605-964e-e405c43fe45b,Bug fixing / Maintenance;Build & Release Engineering;Code Refactoring & Cleanup;Design & API Evolution;Feature / Improvement Implementation;Other;Performance Optimization;Testing & Verification,22;6;3;4;18;1;2;2,87.0,senior
A-161,d2cd6de9-dd40-49cd-a912-8f4d2549c80d,Bug fixing / Maintenance,1,18.0,junior
A-162,a706a213-fdf7-419d-8de2-cccdaa54ef4e,Bug fixing / Maintenance,1,18.0,junior
A-163,429df4ac-a2c7-4a06-9f2b-4806a9f52abd,Bug fixing / Maintenance;Build & Release Engineering;Code Refactoring & Cleanup;Design & API Evolution;Documentation;Feature / Improvement Implementation;Other;Performance Optimization;Testing & Verification,86;4;3;5;37;40;51;7;69,137.5,expert
A-164,bca6ccbb-e98a-4d48-81fa-5882f3c63b26,Bug fixing / Maintenance;Build & Release Engineering;Design & API Evolution;Documentation;Feature / Improvement Implementation;Other;Project / General Task;Testing & Verification,27;11;4;18;9;6;1;18,77.0,senior
A-165,51c34f03-0dfa-474d-8021-d89b1e9fe4b1,Bug fixing / Maintenance;Design & API Evolution;Testing & Verification,8;1;3,43.0,mid
A-166,165e1c61-a585-415c-a093-900ce3a50afd,Bug fixing / Maintenance,1,18.0,junior
A-167,c1421c87-556f-4f82-a881-6272b02a60cd,Bug fixing / Maintenance;Build & Release Engineering;Design & API Evolution;Documentation;Feature / Improvement Implementation;Performance Optimization;Testing & Verification,22;1;5;1;4;1;1,75.5,senior
A-168,284c5a21-740c-47b3-bdf0-ed666df7f3cb,Bug fixing / Maintenance;Build & Release Engineering,3;1,23.0,junior
A-169,77d934fc-d433-455f-94b7-373bd312dd1c,Bug fixing / Maintenance,1,18.0,junior
A-17,d596a657-f292-4505-a416-3ab38516cb23,Bug fixing / Maintenance;Design & API Evolution;Documentation;Feature / Improvement Implementation;Testing & Verification,9;1;1;1;4,46.5,mid
A-170,cdf9fe1c-8bb9-45ff-a0cc-5de636b7dcb3,Bug fixing / Maintenance;Feature / Improvement Implementation,1;2,20.0,junior
A-171,6676befd-bcf4-4994-a79a-930c5ee2ecfc,Bug fixing / Maintenance,4,18.0,junior
A-172,7b13795e-f9e9-4616-b8b8-23278f7764c9,Bug fixing / Maintenance,1,18.0,junior
A-173,2261b743-7910-40b3-b26e-e373399deb0a,Bug fixing / Maintenance;Build & Release Engineering;Code Refactoring & Cleanup;Design & API Evolution;Documentation;Feature / Improvement Implementation;Other;Testing & Verification,10;5;4;3;4;5;13;3,69.5,senior
A-174,4ef51912-84e6-4188-a207-485ffff765a1,Design & API Evolution;Feature / Improvement Implementation,1;5,31.0,junior
A-175,8e0e2a78-ec9a-42ef-8e34-fbfdad405f5b,Bug fixing / Maintenance;Design & API Evolution;Documentation;Feature / Improvement Implementation;Other;Performance Optimization;Testing & Verification,71;3;4;17;22;2;7,91.5,senior
A-176,4e49cbc4-7a35-4520-ab42-9c98fef04cad,Feature / Improvement Implementation,1,22.0,junior
A-177,4e389670-1243-4f5c-a617-0b520b8bb1f4,Bug fixing / Maintenance;Code Refactoring & Cleanup;Design & API Evolution;Documentation;Feature / Improvement Implementation;Other;Testing & Verification,19;2;7;3;5;3;6,66.0,senior
A-178,a5504ef7-08ed-4024-991d-c88732f6f177,Bug fixing / Maintenance;Build & Release Engineering;Design & API Evolution;Documentation;Feature / Improvement Implementation;Other;Performance Optimization;Project / General Task;Testing & Verification,24;3;2;2;5;1;1;1;10,95.5,expert
A-179,8d1995f8-5230-49a8-9aec-6551363b7db6,Build & Release Engineering,1,28.0,junior
A-18,1749802d-261d-4bf0-9b43-8b3ebfac81df,Bug fixing / Maintenance;Feature / Improvement Implementation,1;2,20.0,junior
A-180,8a4f84e9-fd3d-43b8-aa21-0cdba27299b4,Bug fixing / Maintenance;Feature / Improvement Implementation;Testing & Verification,3;1;1,38.0,mid
A-181,c3f7918a-fc9d-4baa-b7f2-a2f1a362270f,Bug fixing / Maintenance,1,18.0,junior
A-182,5d306b2c-eefc-48bd-b513-97d8c99a32f7,Bug fixing / Maintenance;Feature / Improvement Implementation,1;2,20.0,junior
A-183,e6a73cc0-e20b-4ef1-b09b-3219bb51706a,Bug fixing / Maintenance;Build & Release Engineering;Code Refactoring & Cleanup;Design & API Evolution;Documentation;Feature / Improvement Implementation;Other;Performance Optimization;Testing & Verification,65;1;1;5;18;12;1;2;5,137.5,expert
A-184,17601892-1952-4c47-b17d-17b9a33b7df1,Bug fixing / Maintenance;Build & Release Engineering;Design & API Evolution;Documentation;Feature / Improvement Implementation;Testing & Verification,25;10;2;1;10;6,87.0,senior
A-185,f983952e-636a-4e56-a35b-838c859e71da,Bug fixing / Maintenance,2,18.0,junior
A-186,934860b1-f544-42f1-9b5f-bea10de60a72,Bug fixing / Maintenance,2,18.0,junior
A-187,b2ba8c18-6446-4ac6-9d3b-0215ec3938f0,Bug fixing / Maintenance,1,18.0,junior
A-188,075cd60e-265d-45e2-8e37-51a73385decc,Bug fixing / Maintenance;Design & API Evolution;Documentation;Project / General Task,1;1;1;1,31.0,mid
A-189,3b583ae0-60f6-45f5-bdb1-6f73dd031398,Design & API Evolution,1,30.0,junior
A-19,f0e3360e-4866-4a6b-98c4-d08588323453,Bug fixing / Maintenance;Build & Release Engineering;Design & API Evolution;Documentation;Feature / Improvement Implementation;Other;Project / General Task;Testing & Verification,21;12;1;4;10;4;7;2,77.0,senior
A-190,3fd181a1-966e-4693-adf7-8c55f9964ff7,Design & API Evolution,1,30.0,junior
A-191,31212f50-7aed-45cb-8834-30fbdc1aa117,Bug fixing / Maintenance;Feature / Improvement Implementation,2;1,20.0,junior
A-192,01d11e14-dfaa-442e-9e9e-ae3f18d90473,Bug fixing / Maintenance,1,18.0,junior
A-193,33494038-699b-4c70-acd3-9bcc802d4618,Feature / Improvement Implementation,2,22.0,junior
A-194,ade8d3df-0297-488e-b5b6-2b7a568a2691,Bug fixing / Maintenance;Performance Optimization,1;1,22.0,junior
A-195,ee29f7a9-9417-4bda-8dbc-679300841346,Feature / Improvement Implementation,1,22.0,junior
A-196,8245c7f3-6fef-4d22-a53d-e7834c45eb5c,Feature / Improvement Implementation,1,22.0,junior
A-197,3a8fc217-d380-435c-98c0-c1710700cee7,Bug fixing / Maintenance;Feature / Improvement Implementation,1;1,20.0,junior
A-198,085b691f-184a-4b2e-af42-9666a9a39a48,Bug fixing / Maintenance;Build & Release Engineering;Code Refactoring & Cleanup;Design & API Evolution;Documentation;Feature / Improvement Implementation;Project / General Task;Testing & Verification,62;30;1;1;20;15;7;11,97.0,senior
A-199,890e781a-bc39-482d-9cde-5d4021b2ba59,Bug fixing / Maintenance;Design & API Evolution,1;1,24.0,junior
A-2,41ab233b-e205-4bf6-b1ca-05f9dd706417,Bug fixing / Maintenance;Build & Release Engineering;Code Refactoring & Cleanup;Design & API Evolution;Documentation;Feature / Improvement Implementation;Other;Testing & Verification,121;5;2;3;37;26;2;40,94.5,senior
A-20,3e676344-aa61-4dd6-bac4-5edbb2931f3b,Bug fixing / Maintenance;Build & Release Engineering;Design & API Evolution;Documentation;Feature / Improvement Implementation;Other;Performance Optimization;Project / General Task;Testing & Verification,45;7;6;10;11;5;1;2;29,130.5,expert
A-200,16217369-1e4a-4dc0-a8d9-7d7896bacfdc,Bug fixing / Maintenance;Design & API Evolution;Feature / Improvement Implementation;Project / General Task;Testing & Verification,4;1;2;1;1,39.5,mid
A-201,5c676648-4b07-427c-a133-72217420b3a5,Bug fixing / Maintenance,1,18.0,junior
A-202,dad80a13-ae69-4948-8ad0-614518ea1165,Bug fixing / Maintenance;Documentation,1;1,17.0,junior
A-203,e53e3fc2-1592-4a9d-8f72-740fe8e423e4,Bug fixing / Maintenance;Build & Release Engineering;Code Refactoring & Cleanup;Design & API Evolution;Documentation;Feature / Improvement Implementation;Other;Project / General Task;Testing & Verification,53;21;2;8;19;40;4;2;43,129.0,expert
A-204,cded2427-7473-48eb-a9f1-800ff3c749a3,Bug fixing / Maintenance;Build & Release Engineering;Code Refactoring & Cleanup;Design & API Evolution;Documentation;Feature / Improvement Implementation;Other;Performance Optimization;Project / General Task;Testing & Verification,205;91;7;66;23;145;111;7;11;124,132.5,expert
A-205,37172df1-e62b-4c5b-888d-b7fb4729483e,Bug fixing / Maintenance,2,18.0,junior
A-206,f995ee36-a2ba-4178-9c3a-981e8ed0d68f,Design & API Evolution;Testing & Verification,1;1,25.0,junior
A-207,ebfcb2c3-16dd-4f03-8b4d-48e333201b2f,Bug fixing / Maintenance;Build & Release Engineering;Testing & Verification,1;1;1,35.0,mid
A-208,d878b9cd-2ce7-4fbf-b395-d8caea75fae2,Bug fixing / Maintenance;Build & Release Engineering;Code Refactoring & Cleanup;Design & API Evolution;Documentation;Feature / Improvement Implementation;Project / General Task;Testing & Verification,21;16;1;1;8;8;1;6,84.0,senior
A-209,42eb9394-aa8a-4c01-97c4-8548a2a5e759,Bug fixing / Maintenance,1,18.0,junior
A-21,7764b6db-222c-4bfe-8301-23628ae2b498,Bug fixing / Maintenance;Build & Release Engineering;Design & API Evolution;Documentation;Feature / Improvement Implementation;Testing & Verification,3;16;1;3;2;2,73.5,senior
A-210,bf54a51f-599b-48af-afda-68c895544e5d,Bug fixing / Maintenance;Build & Release Engineering;Code Refactoring & Cleanup;Design & API Evolution;Documentation;Feature / Improvement Implementation;Other;Project / General Task;Testing & Verification,60;11;2;15;43;23;35;2;10,129.0,expert
A-211,f86b5dd4-da2c-4f87-8a54-43100990785d,Bug fixing / Maintenance,1,18.0,junior
A-212,baafe960-fd65-4ef2-9bc7-d7635aacafb5,Bug fixing / Maintenance,1,18.0,junior
A-213,b4fdf561-df87-46e4-bcba-c91029935f87,Bug fixing / Maintenance;Build & Release Engineering;Code Refactoring & Cleanup;Design & API Evolution;Testing & Verification,4;1;1;1;1,45.5,mid
A-214,40db616b-7838-4ea6-84cd-465ef0b49583,Bug fixing / Maintenance;Build & Release Engineering,2;1,23.0,junior
A-215,1112567e-1946-475d-81ab-9e4c823a67d1,Bug fixing / Maintenance;Feature / Improvement Implementation,1;5,24.0,junior
A-216,17b8ccb7-3be7-4c07-892b-366212e0ef5e,Bug fixing / Maintenance;Build & Release Engineering;Design & API Evolution;Documentation;Feature / Improvement Implementation;Other;Performance Optimization;Testing & Verification,16;4;3;4;7;5;1;4,70.0,senior
A-217,4432e90b-a84e-473c-b540-5b2ee14c54f5,Design & API Evolution,1,30.0,junior
A-218,c4b3ffa8-c302-4551-ad52-1ff343cd94ac,Bug fixing / Maintenance;Build & Release Engineering;Feature / Improvement Implementation,1;1;1,36.5,mid
A-219,c2bdcce8-eb44-4a1d-85d5-50dd2a671e8d,Bug fixing / Maintenance;Build & Release Engineering;Documentation;Testing & Verification,10;1;7;1,45.0,mid
A-22,990bb6d8-b52c-4dd5-9b1a-e4ecdcb626e7,Bug fixing / Maintenance;Build & Release Engineering;Code Refactoring & Cleanup;Design & API Evolution;Documentation;Feature / Improvement Implementation;Other;Performance Optimization;Project / General Task;Testing & Verification,166;35;6;24;55;38;15;2;10;50,132.5,expert
A-220,1075ad86-4d1e-4260-a2b0-cb33ce4f1a15,Bug fixing / Maintenance,1,18.0,junior
A-221,39044088-78e3-4977-b944-3accb4e5d71b,Bug fixing / Maintenance;Build & Release Engineering;Code Refactoring & Cleanup;Design & API Evolution;Documentation;Feature / Improvement Implementation;Testing & Verification,12;1;1;2;3;6;2,74.5,senior
A-222,0f43295d-e616-43b2-82a5-755a6eb99562,Bug fixing / Maintenance;Build & Release Engineering;Documentation;Feature / Improvement Implementation;Other;Performance Optimization;Project / General Task;Testing & Verification,5;6;1;5;1;1;2;8,63.5,senior
A-223,eba22fd9-ba15-4248-b2ae-6b9ee038714a,Bug fixing / Maintenance;Build & Release Engineering;Feature / Improvement Implementation,3;1;2,43.0,mid
A-224,399266f9-2a89-4c6b-931a-42ee498af56e,Bug fixing / Maintenance;Build & Release Engineering;Code Refactoring & Cleanup;Design & API Evolution;Documentation;Feature / Improvement Implementation;Other;Project / General Task;Testing & Verification,67;23;3;10;12;16;29;12;22,129.0,expert
A-225,3ab3d7d7-0b65-44bd-a8b6-28f4aebd8ec7,Bug fixing / Maintenance;Feature / Improvement Implementation;Testing & Verification,16;1;19,44.0,mid
A-226,afa2f8e1-a3bf-4d4e-a8c3-31f493380eda,Bug fixing / Maintenance;Build & Release Engineering;Design & API Evolution;Feature / Improvement Implementation,8;1;1;4,46.5,mid
A-227,a2d582c0-d1cd-4188-abc0-9a21162336d4,Bug fixing / Maintenance,1,18.0,junior
A-228,6ced3362-f17d-45da-ba5d-aa518e8ff908,Feature / Improvement Implementation;Testing & Verification,1;1,21.0,junior
A-229,174d1f23-6633-4c85-9e8b-c95934a2fa41,Bug fixing / Maintenance;Build & Release Engineering;Design & API Evolution;Testing & Verification,13;1;3;4,53.0,mid
A-23,07952c53-1ba9-4b84-975d-8eee1f52b15a,Bug fixing / Maintenance;Feature / Improvement Implementation,1;1,20.0,junior
A-230,732e1906-0b74-4fe4-a13b-154ec535873a,Bug fixing / Maintenance,3,18.0,junior
A-231,9498db9f-1d81-44f1-ad63-93e04151a4dd,Bug fixing / Maintenance,1,18.0,junior
A-232,d315046e-9f9e-4847-9543-cc4e9c83540a,Bug fixing / Maintenance;Build & Release Engineering;Documentation,3;2;1,39.5,mid
A-233,2bf6ffc9-522e-4ff2-8ad1-b831078d028d,Testing & Verification,1,20.0,junior
A-234,dfaf0f1b-a07c-4925-982c-856af557a4e1,Bug fixing / Maintenance,1,18.0,junior
A-235,f7099a2a-3cd1-451a-a21c-c9d6262cd9b8,Bug fixing / Maintenance;Build & Release Engineering;Code Refactoring & Cleanup;Design & API Evolution;Documentation;Feature / Improvement Implementation;Other;Project / General Task;Testing & Verification,72;12;2;20;31;90;5;4;10,129.0,expert
A-236,cceb1645-3def-4ed2-9fff-5d3a3bc6e70b,Bug fixing / Maintenance;Design & API Evolution,1;2,24.0,junior
A-237,a57c05c9-2c5f-4add-bf59-4f0953ab6eb5,Bug fixing / Maintenance;Design & API Evolution;Documentation;Feature / Improvement Implementation;Performance Optimization;Testing & Verification,8;2;2;10;2;4,72.5,senior
A-238,0d6b4217-1562-43b2-b96f-44dd5882c61d,Bug fixing / Maintenance;Build & Release Engineering;Documentation;Feature / Improvement Implementation;Other;Project / General Task;Testing & Verification,37;2;2;6;1;1;11,71.5,senior
A-239,33e4eca4-4eec-463a-a5b6-f45ff37c0684,Bug fixing / Maintenance;Build & Release Engineering;Code Refactoring & Cleanup;Design & API Evolution;Documentation;Feature / Improvement Implementation;Other;Performance Optimization;Project / General Task;Testing & Verification,107;6;1;10;14;25;3;2;4;35,132.5,expert
A-24,1fd12fd2-0bd0-47ba-9531-7057ec70cd97,Documentation;Feature / Improvement Implementation,1;1,19.0,junior
A-240,9a9a79b5-73f7-42d9-bbee-14b9e092b30a,Bug fixing / Maintenance;Documentation;Feature / Improvement Implementation;Testing & Verification,3;1;1;1,36.0,mid
A-241,2e536efd-655f-435b-ad88-539a657867c4,Bug fixing / Maintenance;Documentation;Feature / Improvement Implementation;Testing & Verification,3;7;1;9,42.0,mid
A-242,252656bf-b46a-465e-bc9e-62c40c276982,Bug fixing / Maintenance;Feature / Improvement Implementation;Other;Testing & Verification,5;2;2;1,33.0,mid
A-243,73d89c57-f42e-433c-b312-d276407d6adc,Bug fixing / Maintenance;Build & Release Engineering;Design & API Evolution;Documentation;Feature / Improvement Implementation;Other;Performance Optimization;Project / General Task;Testing & Verification,79;7;13;17;22;5;3;4;15,130.5,expert
A-244,19190ed4-96c0-4030-a611-bdffe71718cf,Feature / Improvement Implementation;Performance Optimization,1;1,24.0,junior
A-245,941fa773-c858-4468-9c74-0ee8b6a61cdd,Bug fixing / Maintenance;Build & Release Engineering;Design & API Evolution;Testing & Verification,4;2;4;2,45.5,mid
A-246,c08e3ad7-91dd-4bae-bd4f-52a0eef05c86,Bug fixing / Maintenance,1,18.0,junior
A-247,df081b9a-1dcf-4910-b211-8f3926a39588,Bug fixing / Maintenance;Build & Release Engineering;Code Refactoring & Cleanup;Design & API Evolution;Documentation;Feature / Improvement Implementation;Other;Performance Optimization;Project / General Task;Testing & Verification,4;2;4;7;1;14;9;1;1;5,97.0,expert
A-248,6d21d0b0-5d69-4836-9754-ebeb6efce40f,Bug fixing / Maintenance,1,18.0,junior
A-249,b7d10521-e219-4279-a892-a47a74f855cd,Bug fixing / Maintenance;Build & Release Engineering;Documentation;Feature / Improvement Implementation,1;1;1;3,40.0,mid
A-25,2851dadb-f302-4f7e-87cf-a121ddef093c,Bug fixing / Maintenance;Build & Release Engineering;Code Refactoring & Cleanup;Design & API Evolution;Documentation;Feature / Improvement Implementation;Other;Performance Optimization;Testing & Verification,25;7;1;3;1;6;3;6;4,119.0,expert
A-250,4ba03471-90cb-4e97-8027-9a7f0bc58fe3,Bug fixing / Maintenance,1,18.0,junior
A-251,7309df38-83fa-4832-931b-d30e2f382f87,Bug fixing / Maintenance,1,18.0,junior
A-252,f6b91966-da45-4ef0-8aa7-5e7503e54b14,Bug fixing / Maintenance,2,18.0,junior
A-253,2afbf4b6-f7bd-42f5-87ca-22299bc4d941,Bug fixing / Maintenance;Build & Release Engineering;Design & API Evolution;Documentation;Feature / Improvement Implementation;Testing & Verification,23;2;2;1;6;4,73.5,senior
A-254,5cb244c4-e724-4ce8-85b6-e5c8b98c4a44,Bug fixing / Maintenance,1,18.0,junior
A-255,cbed36f2-0700-48d6-acf8-aab3770c8ce0,Bug fixing / Maintenance,1,18.0,junior
A-256,bb6791ef-999d-40a5-96de-357bcaab259e,Bug fixing / Maintenance;Build & Release Engineering;Documentation;Feature / Improvement Implementation;Other;Performance Optimization;Project / General Task;Testing & Verification,10;8;5;5;8;2;1;6,63.5,senior
A-257,e8ef1dba-5c74-4d9d-a8c7-77c11b0cbb89,Bug fixing / Maintenance,1,18.0,junior
A-258,2caba025-fdfb-44c5-ba1c-ee641ce3fade,Design & API Evolution,1,30.0,junior
A-259,54fe342a-0325-4e29-a9d1-3e1c5ec7f720,Feature / Improvement Implementation,1,22.0,junior
A-26,62de7b8a-687e-4027-9968-328b947aff9a,Bug fixing / Maintenance;Build & Release Engineering;Design & API Evolution;Documentation;Feature / Improvement Implementation;Other;Testing & Verification,4;2;10;2;6;18;3,68.0,senior
A-260,14dd97f8-e6ba-4f69-b9ba-641806b12d1a,Documentation,1,16.0,junior
A-261,04333f0a-8e29-4304-b332-839c2a9a2f1c,Bug fixing / Maintenance;Build & Release Engineering;Documentation;Performance Optimization,1;1;1;1,35.0,mid
A-262,f1a2c046-f78d-447e-98c9-7fafbeab77c0,Bug fixing / Maintenance;Build & Release Engineering;Design & API Evolution;Documentation;Feature / Improvement Implementation;Other;Project / General Task;Testing & Verification,24;6;2;1;8;6;1;6,77.0,senior
A-263,8fbf31f8-2b58-426d-86e5-dc2721a3d488,Bug fixing / Maintenance;Design & API Evolution,3;1,24.0,junior
A-264,e6129bdb-a797-408e-a0ac-1362c5532d3f,Bug fixing / Maintenance,2,18.0,junior
A-265,0f2546d3-6499-47b7-be8f-235fed31b59c,Bug fixing / Maintenance,3,18.0,junior
A-266,d7accb03-6cb6-44f1-b3e2-6ea6aeb32432,Bug fixing / Maintenance;Feature / Improvement Implementation;Testing & Verification,2;1;4,38.0,mid
A-267,1d67c93e-afb9-4eab-8c13-45db1767d2fc,Feature / Improvement Implementation,1,22.0,junior
A-268,61eea636-6f11-4ce5-bec6-1725829cb564,Bug fixing / Maintenance;Build & Release Engineering;Documentation;Feature / Improvement Implementation;Other;Project / General Task;Testing & Verification,57;4;10;15;1;1;9,71.5,senior
A-269,9f99114a-c676-42bd-9abf-68a0425a9667,Bug fixing / Maintenance;Build & Release Engineering;Code Refactoring & Cleanup;Design & API Evolution;Documentation;Feature / Improvement Implementation;Other;Performance Optimization;Project / General Task;Testing & Verification,303;54;10;44;38;157;71;10;1;79,132.5,expert
A-27,3da4fa26-d0d6-4a80-9089-5c736513bdd4,Bug fixing / Maintenance;Build & Release Engineering;Code Refactoring & Cleanup;Design & API Evolution;Documentation;Feature / Improvement Implementation;Other;Testing & Verification,15;6;2;3;1;16;9;10,82.0,senior
A-270,346d61cd-ad47-4b23-bd7e-f229fa67d886,Bug fixing / Maintenance,2,18.0,junior
A-271,579dd452-ca75-4170-a7ff-5d5ff78d3abf,Documentation,2,16.0,junior
A-272,14880166-e7f2-4918-b94f-a2aecde0f5b7,Testing & Verification,1,20.0,junior
A-273,380b353b-6847-46fe-b7f3-4be404c57d55,Bug fixing / Maintenance;Build & Release Engineering;Design & API Evolution;Documentation;Feature / Improvement Implementation;Performance Optimization;Project / General Task;Testing & Verification,125;2;1;1;13;2;4;20,98.0,senior
A-274,f7d2edac-2afe-48e9-903f-1276773d2c2a,Bug fixing / Maintenance;Build & Release Engineering;Documentation;Feature / Improvement Implementation;Testing & Verification,7;1;1;1;1,39.5,mid
A-275,ccd54daf-cdee-4938-842c-1631b1609181,Bug fixing / Maintenance;Build & Release Engineering;Documentation;Testing & Verification,15;1;1;3,45.0,mid
A-276,9bf9e3db-90a0-4f35-949c-f226ae3731dc,Bug fixing / Maintenance;Build & Release Engineering;Code Refactoring & Cleanup;Design & API Evolution;Documentation;Feature / Improvement Implementation;Other;Performance Optimization;Project / General Task;Testing & Verification,46;3;1;4;10;19;8;3;1;13,132.5,expert
A-277,3624a275-a264-4fdd-9041-3b120606f294,Bug fixing / Maintenance;Design & API Evolution;Feature / Improvement Implementation;Testing & Verification,1;1;1;1,36.0,mid
A-278,002976c5-11aa-4713-adea-7d3ded6a87e2,Bug fixing / Maintenance;Build & Release Engineering;Code Refactoring & Cleanup;Design & API Evolution;Documentation;Feature / Improvement Implementation;Other;Performance Optimization;Project / General Task;Testing & Verification,94;11;3;10;5;17;19;1;1;18,132.5,expert
A-279,6a1d88de-6804-4da7-ac58-5193e1cd8c24,Design & API Evolution;Feature / Improvement Implementation,1;2,26.0,junior
A-28,1c612396-6923-48cf-9879-dfb77875e249,Bug fixing / Maintenance;Design & API Evolution;Documentation;Feature / Improvement Implementation;Testing & Verification,70;1;1;4;1,55.0,mid
A-280,71436eec-dfb7-4136-8295-df020413cb1d,Bug fixing / Maintenance;Design & API Evolution,2;1,24.0,junior
A-281,ad0145fc-54ae-4631-be04-677b94c7f99c,Bug fixing / Maintenance;Build & Release Engineering,1;4,27.5,junior
A-282,877f1a4c-d2e2-458c-96eb-bc962084d36a,Bug fixing / Maintenance,2,18.0,junior
A-283,aea32789-13ab-4295-9631-6cf71d56d9ca,Bug fixing / Maintenance;Build & Release Engineering;Design & API Evolution;Documentation;Feature / Improvement Implementation;Testing & Verification,10;2;4;8;1;9,73.5,senior
A-284,2fb419de-2404-4e13-83eb-40df75b8daef,Bug fixing / Maintenance;Build & Release Engineering;Code Refactoring & Cleanup;Design & API Evolution;Documentation;Feature / Improvement Implementation;Other;Project / General Task;Testing & Verification,36;46;2;2;35;15;3;15;17,129.0,expert
A-285,2dbea794-188a-4240-acee-b31eb159dfda,Bug fixing / Maintenance;Other;Performance Optimization,3;1;1,34.0,mid
A-286,863b553d-82fa-4caf-9c6d-5b8614ee8326,Bug fixing / Maintenance,1,18.0,junior
A-287,d2776f73-008e-4a1e-99d8-5ff6a06c57d5,Documentation;Feature / Improvement Implementation;Testing & Verification,8;1;1,36.5,mid
A-288,d711436a-e044-4284-8b76-750540a71e29,Bug fixing / Maintenance;Feature / Improvement Implementation,1;1,20.0,junior
A-289,ccc960d2-0fd9-447f-a430-d0b673be1109,Bug fixing / Maintenance;Design & API Evolution;Documentation,1;1;2,34.0,mid
A-29,c94d50ca-4e19-414f-87a2-77c7dc78b153,Feature / Improvement Implementation;Testing & Verification,4;1,25.0,junior
A-290,a05ac8c7-974b-4011-b776-8f5160b265fa,Bug fixing / Maintenance;Build & Release Engineering;Code Refactoring & Cleanup;Design & API Evolution;Documentation;Feature / Improvement Implementation;Other;Performance Optimization;Project / General Task;Testing & Verification,541;51;25;43;31;193;129;31;9;193,132.5,expert
A-291,7531c5dd-be7d-4485-b64c-b443bb45d49a,Documentation,1,16.0,junior
A-292,4bd55d62-b7f0-41d5-9409-ed9b403668b9,Bug fixing / Maintenance;Feature / Improvement Implementation,2;1,20.0,junior
A-293,28938e19-07ef-4ee3-ac2b-38978493d8f5,Bug fixing / Maintenance;Feature / Improvement Implementation;Testing & Verification,2;1;1,32.0,mid
A-294,439179e8-e34c-4d6b-a144-869fb01da5f8,Bug fixing / Maintenance,2,18.0,junior
A-295,cd92a245-6925-4666-bd76-e3a49d510851,Bug fixing / Maintenance;Design & API Evolution;Testing & Verification,7;2;5,43.0,mid
A-296,ffd34bab-df38-411d-b18c-a070a8456c45,Bug fixing / Maintenance,5,21.5,junior
A-297,245afc16-875e-42a9-ace6-af9af06fed6c,Feature / Improvement Implementation,1,22.0,junior
A-298,1731dca6-6088-4350-923b-956834e6b031,Bug fixing / Maintenance,1,18.0,junior
A-299,d87c816a-342b-4eee-8307-a68d735629a9,Bug fixing / Maintenance;Build & Release Engineering;Design & API Evolution,6;2;2,48.0,mid
A-3,8f4d135c-6b9f-4a5d-9138-c693c7fec301,Bug fixing / Maintenance;Build & Release Engineering;Design & API Evolution;Documentation;Feature / Improvement Implementation;Other;Performance Optimization;Project / General Task;Testing & Verification,36;33;11;7;16;3;1;8;12,130.5,expert
A-30,c496f80e-ca3f-4374-9d21-a551a261ecf7,Bug fixing / Maintenance;Build & Release Engineering;Code Refactoring & Cleanup;Design & API Evolution;Documentation;Feature / Improvement Implementation;Other;Project / General Task;Testing & Verification,10;6;1;3;3;10;4;2;2,94.5,expert
A-300,72493158-8ac7-4ba4-9b27-5f570d224193,Bug fixing / Maintenance;Build & Release Engineering,6;1,27.5,junior
A-301,14188e82-5585-4aea-b474-9273df79e476,Feature / Improvement Implementation,1,22.0,junior
A-302,d3ed3a6d-5364-4e5f-98da-d83bc2c1ee74,Bug fixing / Maintenance,1,18.0,junior
A-303,b8e6f932-3bff-4a17-aa71-9b6673c1e540,Bug fixing / Maintenance,5,21.5,junior
A-304,dc1a744c-9000-4b2f-bb0f-3e3f10a50b08,Bug fixing / Maintenance,1,18.0,junior
A-305,57c082b0-d6cd-45e7-a722-a31fe1a753fb,Bug fixing / Maintenance;Feature / Improvement Implementation,2;3,24.0,junior
A-306,8c27dadf-95c0-42be-9c0e-4cdc7f36f452,Bug fixing / Maintenance;Documentation,5;1,20.0,junior
A-307,44ca1469-5170-4eab-a5b7-a3e50b9ecaf6,Bug fixing / Maintenance;Build & Release Engineering;Code Refactoring & Cleanup;Documentation;Feature / Improvement Implementation;Other;Testing & Verification,42;31;2;6;11;3;28,88.5,senior
A-308,d16a0b81-923f-4d4f-a642-a47e877c781d,Bug fixing / Maintenance,1,18.0,junior
A-309,337bb678-c06e-4092-8a03-ee2ef871ed8f,Bug fixing / Maintenance,1,18.0,junior
A-31,74444b82-c6ef-438d-ac66-b50b62bdbd5c,Bug fixing / Maintenance,1,18.0,junior
A-310,86fe3c7f-b0a7-45e0-9134-70cdd34b18ce,Bug fixing / Maintenance;Testing & Verification,3;1,19.0,junior
A-311,ec7ea163-5049-448c-85a6-6702bd462ede,Bug fixing / Maintenance,4,18.0,junior
A-312,fd364cca-3ec8-4b00-aaec-bc49de776688,Bug fixing / Maintenance,1,18.0,junior
A-313,5525e535-2690-4214-9e31-f7f426c4c960,Bug fixing / Maintenance;Build & Release Engineering;Design & API Evolution;Documentation;Feature / Improvement Implementation;Other;Project / General Task;Testing & Verification,56;17;2;9;28;16;13;7,89.0,senior
A-314,40ba5aa1-89a8-4338-84ad-c149a867cfd3,Bug fixing / Maintenance;Build & Release Engineering;Code Refactoring & Cleanup;Design & API Evolution;Documentation;Feature / Improvement Implementation;Other;Project / General Task;Testing & Verification,42;39;6;5;13;78;25;3;23,129.0,expert
A-315,d7fb7b10-e1ce-40a2-908b-d152c4b23c8e,Bug fixing / Maintenance;Build & Release Engineering;Code Refactoring & Cleanup;Design & API Evolution;Documentation;Feature / Improvement Implementation;Other;Performance Optimization;Project / General Task;Testing & Verification,199;17;2;16;7;91;27;6;5;90,132.5,expert
A-316,461d71dc-0f37-41b5-9ef5-f927a2bf665e,Bug fixing / Maintenance;Build & Release Engineering;Code Refactoring & Cleanup;Design & API Evolution;Documentation;Feature / Improvement Implementation;Other;Performance Optimization;Project / General Task;Testing & Verification,186;9;2;8;6;46;13;4;5;12,132.5,expert
A-317,40139a66-79b7-4d70-b350-b12479a1cd1c,Testing & Verification,1,20.0,junior
A-318,ad510b91-9860-4ce4-a3df-2510514db068,Bug fixing / Maintenance,1,18.0,junior
A-319,c4e0c958-22ae-489f-9c11-717faf7d481d,Bug fixing / Maintenance;Build & Release Engineering;Design & API Evolution;Feature / Improvement Implementation;Other;Testing & Verification,54;2;4;7;4;7,83.0,senior
A-32,dd0d94c9-471e-4cf7-b8a7-a2c9906ec1f0,Bug fixing / Maintenance;Documentation;Feature / Improvement Implementation,1;1;1,30.0,mid
A-320,bc37ebe8-ca1f-49b2-b613-6828c0d2738a,Bug fixing / Maintenance;Build & Release Engineering;Code Refactoring & Cleanup;Design & API Evolution;Documentation;Feature / Improvement Implementation;Other;Project / General Task;Testing & Verification,20;9;1;4;9;11;1;8;13,111.5,expert
A-321,b671b8d8-1b61-457c-b9bc-79676b3656fe,Bug fixing / Maintenance;Documentation;Feature / Improvement Implementation,1;2;3,35.5,mid
A-322,86230821-dd26-4de0-b9b8-790265a6e421,Bug fixing / Maintenance,3,18.0,junior
A-323,c44c9170-bc87-4cea-89ab-26d655e9160b,Bug fixing / Maintenance;Feature / Improvement Implementation,2;3,24.0,junior
A-324,4ccbc049-a6d7-4209-8281-c07906e09336,Bug fixing / Maintenance;Feature / Improvement Implementation,4;2,24.0,junior
A-325,c81382eb-16d5-4bd2-9744-5b41e3b906d2,Bug fixing / Maintenance,1,18.0,junior
A-326,647933c4-1f49-40e2-8552-ae38dc9b6208,Bug fixing / Maintenance,1,18.0,junior
A-327,20b1254d-78a8-4419-b0f6-3ac3cb54b0c2,Bug fixing / Maintenance;Build & Release Engineering;Code Refactoring & Cleanup;Design & API Evolution;Documentation;Feature / Improvement Implementation;Performance Optimization;Project / General Task;Testing & Verification,81;2;2;3;2;25;1;10;17,140.5,expert
A-328,083ee114-d8da-4d7e-91ea-73b14a6a9eba,Bug fixing / Maintenance;Build & Release Engineering;Code Refactoring & Cleanup;Design & API Evolution;Documentation;Feature / Improvement Implementation;Other;Project / General Task;Testing & Verification,13;7;12;7;4;8;22;1;4,111.5,expert
A-329,95ee6310-2500-4d2a-ad44-871b4d33616d,Bug fixing / Maintenance,3,18.0,junior
A-33,2fda5fad-aea9-4341-a36f-4ac7774b51d8,Build & Release Engineering,1,28.0,junior
A-330,2d28beba-697b-417f-8de6-37bc5ff5463b,Bug fixing / Maintenance,1,18.0,junior
A-331,77e61a9a-085e-46a2-a051-28c27550330d,Bug fixing / Maintenance;Build & Release Engineering;Design & API Evolution;Feature / Improvement Implementation;Testing & Verification,8;3;1;3;2,52.0,mid
A-332,233498cf-61ae-4224-9ca9-a6273226ea17,Feature / Improvement Implementation,3,22.0,junior
A-333,87d2fc75-0282-4e81-ac48-540fecfee7db,Bug fixing / Maintenance;Design & API Evolution;Feature / Improvement Implementation,2;1;2,44.5,mid
A-334,cc85f813-eee7-4d39-a1cc-bf15bf5d0d55,Bug fixing / Maintenance;Design & API Evolution,2;1,24.0,junior
A-335,7ce49da8-6226-486f-a4ce-5d850fb65e97,Bug fixing / Maintenance,2,18.0,junior
A-336,d9c0845c-c009-4862-9b70-82fb26bd2b69,Bug fixing / Maintenance;Build & Release Engineering;Code Refactoring & Cleanup;Design & API Evolution;Documentation;Feature / Improvement Implementation;Other;Performance Optimization;Project / General Task;Testing & Verification,540;56;7;40;54;248;21;9;16;208,132.5,expert
A-337,148d32ab-ca69-40be-a4f2-8ea6d1bd8104,Testing & Verification,1,20.0,junior
A-338,84aa4952-d548-4b33-b4d8-859a2ce4c8e9,Bug fixing / Maintenance;Testing & Verification,1;1,19.0,junior
A-339,48f0fc61-2174-42f5-bbc4-3f99c8cccd14,Bug fixing / Maintenance;Build & Release Engineering;Design & API Evolution;Documentation;Feature / Improvement Implementation;Other;Project / General Task;Testing & Verification,12;11;3;4;9;5;7;2,77.0,senior
A-34,d2c2937d-21af-497e-84bf-0656b10afb96,Bug fixing / Maintenance;Build & Release Engineering;Code Refactoring & Cleanup;Design & API Evolution;Documentation;Feature / Improvement Implementation;Other;Performance Optimization;Project / General Task;Testing & Verification,1738;1817;37;122;173;797;70;9;1896;91,132.5,expert
A-340,bc58f047-9651-456b-a8b9-fff3a7c22510,Bug fixing / Maintenance;Design & API Evolution,1;1,24.0,junior
A-341,dd23b6f6-45ce-4de6-977f-adda71154086,Bug fixing / Maintenance,1,18.0,junior
A-342,9c1c381b-2fd5-463e-8b6f-602b32a129db,Bug fixing / Maintenance;Design & API Evolution;Feature / Improvement Implementation,1;3;1,44.5,mid
A-343,bc6ec6d3-42f2-45e9-a0fa-8fab0854f3e3,Bug fixing / Maintenance;Feature / Improvement Implementation;Testing & Verification,3;1;1,38.0,mid
A-344,3ee4c921-33a2-4fb1-8149-6e87252ca76b,Bug fixing / Maintenance;Build & Release Engineering,4;1,27.5,junior
A-345,b4dc86e3-7a71-4a2b-93c5-6bd3d789a594,Bug fixing / Maintenance;Design & API Evolution;Feature / Improvement Implementation;Other;Project / General Task;Testing & Verification,13;2;1;1;1;3,62.5,senior
A-346,b4ff768e-719c-4ac7-9e08-2850239dcf01,Feature / Improvement Implementation;Testing & Verification,1;1,21.0,junior
A-347,b1a75cb9-971c-40d4-89a1-c585de1010fa,Bug fixing / Maintenance,1,18.0,junior
A-348,60424301-a449-4901-905a-d125c91f1ac5,Bug fixing / Maintenance,1,18.0,junior
A-349,5cd85a31-d113-47b1-8fd3-aab4dd42e919,Bug fixing / Maintenance;Build & Release Engineering;Documentation;Feature / Improvement Implementation;Project / General Task;Testing & Verification,5;8;3;2;4;5,65.0,senior
A-35,378d50e6-b341-4f7a-b655-bbaa0d3afd54,Feature / Improvement Implementation,1,22.0,junior
A-350,511051b9-d0b2-4672-9c3e-389d0d94ac6f,Bug fixing / Maintenance,1,18.0,junior
A-351,96b5ccd7-4710-4189-b6ee-c7df539c1632,Build & Release Engineering,1,28.0,junior
A-352,45b0c778-4259-42df-9c2b-33c4286346c6,Bug fixing / Maintenance,1,18.0,junior
A-353,6fdda2fa-8ed5-4e45-bd6c-97733246c045,Bug fixing / Maintenance;Design & API Evolution;Documentation;Feature / Improvement Implementation,18;1;1;1,47.5,mid
A-354,10ba4b87-6660-4af6-9aca-b5291ec17875,Bug fixing / Maintenance;Design & API Evolution;Feature / Improvement Implementation;Testing & Verification,1;3;1;1,43.0,mid
A-355,d2b9f4bb-9d59-4f44-9889-bc67aa8985d0,Bug fixing / Maintenance;Feature / Improvement Implementation,2;1,20.0,junior
A-356,8137ae7a-afb7-4682-baf0-4dc1ba549b04,Bug fixing / Maintenance;Feature / Improvement Implementation,1;1,20.0,junior
A-357,4ede4517-1f89-4a9f-88f3-529c99958b98,Bug fixing / Maintenance;Design & API Evolution,2;1,24.0,junior
A-358,608ebbc7-be17-4158-b115-9e0430235c15,Bug fixing / Maintenance,1,18.0,junior
A-359,2c2415ea-2066-48cd-8688-01f642087778,Bug fixing / Maintenance;Documentation,1;1,17.0,junior
A-36,d0d21078-5b3b-487f-8d2f-35c5b6af307a,Bug fixing / Maintenance;Design & API Evolution,3;1,24.0,junior
A-360,64f990b4-a924-42ba-b95e-70dcdcca99fe,Bug fixing / Maintenance;Documentation,3;1,17.0,junior
A-361,f3cd3f93-cf44-4bac-9226-02da15ddafbe,Feature / Improvement Implementation;Testing & Verification,1;1,21.0,junior
A-362,7e38a72a-92da-40a2-9c4c-3c42cdeeb290,Bug fixing / Maintenance;Build & Release Engineering;Code Refactoring & Cleanup;Design & API Evolution;Documentation;Feature / Improvement Implementation;Other;Performance Optimization;Project / General Task;Testing & Verification,116;29;3;10;14;44;4;1;8;48,132.5,expert
A-363,d548c57d-4645-40cf-8c77-b54bbdb4c9fa,Bug fixing / Maintenance;Feature / Improvement Implementation,1;2,20.0,junior
A-364,2d9aa769-dcd7-4742-8706-d8c929145690,Bug fixing / Maintenance;Feature / Improvement Implementation,3;1,20.0,junior
A-365,66da2378-d31a-4c77-b3d3-c07ced909014,Bug fixing / Maintenance;Testing & Verification,8;1,22.5,junior
A-366,db056932-0f43-421d-a7fd-9b3fcf8238a9,Bug fixing / Maintenance;Build & Release Engineering;Documentation;Feature / Improvement Implementation;Project / General Task;Testing & Verification,12;2;1;4;2;5,65.0,senior
A-367,5c8de549-c55b-456f-b7c6-5ef93c54da74,Bug fixing / Maintenance,1,18.0,junior
A-368,cb20f948-2ee7-4e7f-bda9-db5f4d6301e4,Design & API Evolution,1,30.0,junior
A-369,21711dc7-768e-44df-8fe1-a3aad2ed8651,Bug fixing / Maintenance,6,21.5,junior
A-37,de2923b8-a5e7-43e6-9761-c9b52272e392,Bug fixing / Maintenance;Build & Release Engineering;Design & API Evolution,4;1;1,48.0,mid
A-370,439df954-5c0a-40a2-9c0d-318e987ca1a7,Bug fixing / Maintenance,1,18.0,junior
A-371,e6ec2c12-d22d-4189-b541-b7925a99718f,Bug fixing / Maintenance;Design & API Evolution;Feature / Improvement Implementation;Testing & Verification,1;1;3;1,43.0,mid
A-372,d4c6954d-cc04-4af2-9784-5c65a629a47f,Bug fixing / Maintenance,1,18.0,junior
A-373,5d98c5e5-c765-4715-bcb8-22fd1f6b6424,Bug fixing / Maintenance;Feature / Improvement Implementation;Performance Optimization,2;2;1,42.0,mid
A-374,416b2aa3-3d81-4cdf-8ff4-07f1210c114d,Bug fixing / Maintenance;Build & Release Engineering;Design & API Evolution;Feature / Improvement Implementation,3;1;1;7,46.5,mid
A-375,3d18405c-1373-4840-93c7-ecc51ad8395c,Build & Release Engineering,1,28.0,junior
A-376,a47e4a2d-f4ca-49c8-bcfe-a42e28834f40,Build & Release Engineering;Feature / Improvement Implementation,1;1,25.0,junior
A-377,5ea263dc-f64e-4378-99d2-d82da3376339,Bug fixing / Maintenance;Design & API Evolution;Documentation;Feature / Improvement Implementation;Testing & Verification,3;1;1;1;1,40.5,mid
A-378,4a4de327-6088-4119-a946-9ba39b4811c8,Build & Release Engineering,1,28.0,junior
A-379,4cf22940-0cda-4fae-a032-eb308b65767c,Bug fixing / Maintenance;Build & Release Engineering;Documentation;Feature / Improvement Implementation,3;1;1;1,40.0,mid
A-38,c16c6332-f74a-489e-9ddc-9464b231720a,Bug fixing / Maintenance;Build & Release Engineering;Code Refactoring & Cleanup;Documentation;Feature / Improvement Implementation;Other,2;1;1;1;5;1,56.0,senior
A-380,c3dc2a9c-b286-4f5b-bbda-77e0e7b37d10,Code Refactoring & Cleanup;Design & API Evolution;Documentation;Feature / Improvement Implementation;Other,1;1;1;1;1,39.0,mid
A-381,a67d99ec-e98e-4ad7-b5f5-858bc1a4cd3e,Bug fixing / Maintenance;Build & Release Engineering;Code Refactoring & Cleanup;Design & API Evolution;Documentation;Feature / Improvement Implementation;Other;Performance Optimization;Testing & Verification,47;16;3;3;4;20;1;1;12,137.5,expert
A-382,e11b43a1-5b11-48be-aaf9-f97ba564a9c9,Bug fixing / Maintenance;Build & Release Engineering;Design & API Evolution,6;1;3,48.0,mid
A-383,2bec7aa2-e8a7-4b6a-b0a5-001baa4d0348,Bug fixing / Maintenance;Build & Release Engineering;Code Refactoring & Cleanup;Design & API Evolution;Documentation;Feature / Improvement Implementation;Other;Project / General Task;Testing & Verification,7;4;1;2;2;3;2;1;1,94.5,expert
A-384,86f82415-e073-4b95-bd01-84ada7dab543,Bug fixing / Maintenance;Build & Release Engineering;Design & API Evolution;Documentation;Feature / Improvement Implementation;Other;Project / General Task;Testing & Verification,41;4;3;6;25;7;2;10,77.0,senior
A-385,77cff7f9-64bb-49de-89ad-8daa55c09415,Bug fixing / Maintenance,4,18.0,junior
A-386,7e63c73b-657a-48e5-a374-be3d17764eac,Bug fixing / Maintenance,1,18.0,junior
A-387,6d10e880-f6f8-43e7-bc2e-1e7f16e30183,Build & Release Engineering,1,28.0,junior
A-388,9fa8ab10-58a9-4b2b-ae11-d92390a0534d,Bug fixing / Maintenance,1,18.0,junior
A-389,7899e719-5076-4a3d-8ba6-d6db71e2a595,Bug fixing / Maintenance;Build & Release Engineering;Feature / Improvement Implementation,4;1;2,43.0,mid
A-39,3243c360-a9fe-4a8a-9872-d5595ad161eb,Bug fixing / Maintenance;Build & Release Engineering;Code Refactoring & Cleanup;Design & API Evolution;Documentation;Feature / Improvement Implementation;Other;Performance Optimization;Project / General Task;Testing & Verification,399;144;25;50;80;242;11;4;24;64,132.5,expert
A-390,c6e27dae-a38f-419c-903d-f29e6545084d,Bug fixing / Maintenance;Build & Release Engineering;Code Refactoring & Cleanup;Documentation;Feature / Improvement Implementation;Performance Optimization;Project / General Task;Testing & Verification,17;6;1;1;17;1;4;2,69.5,senior
A-391,a461fbc1-7120-4503-abf1-fc4e59783d8c,Bug fixing / Maintenance,3,18.0,junior
A-392,b3f72764-cd90-40f5-85cd-fc7ea25a7a64,Bug fixing / Maintenance,1,18.0,junior
A-393,4712464b-ebdc-4442-a23e-b5033b4df211,Design & API Evolution,1,30.0,junior
A-394,962f276c-98a7-4ba2-9491-ff269d090073,Bug fixing / Maintenance;Documentation;Feature / Improvement Implementation,2;1;1,30.0,mid
A-395,194e13d5-b1ff-4b30-9342-818fa20f34dc,Bug fixing / Maintenance,2,18.0,junior
A-396,c11bf689-a11a-482a-ae9d-ff6e3fff5358,Documentation;Feature / Improvement Implementation,1;3,19.0,junior
A-397,30e2e685-29d0-438b-9e44-dabc83dc5067,Feature / Improvement Implementation,1,22.0,junior
A-398,9f550ccd-b1b0-4af0-95be-14a03bd5fba9,Build & Release Engineering;Testing & Verification,1;1,24.0,junior
A-399,65df8d6b-93b1-45ba-9217-0eb481e29fd3,Bug fixing / Maintenance,1,18.0,junior
A-4,abc2ac5f-3c2c-436a-a3f2-d87a31d4305e,Bug fixing / Maintenance;Build & Release Engineering;Code Refactoring & Cleanup;Design & API Evolution;Documentation;Feature / Improvement Implementation;Other;Performance Optimization;Project / General Task;Testing & Verification,44;83;12;48;17;517;15;16;2;23,132.5,expert
A-40,8984ceab-61db-4376-8927-f72dee9d3a19,Bug fixing / Maintenance;Build & Release Engineering;Design & API Evolution;Documentation;Feature / Improvement Implementation;Testing & Verification,3;1;1;9;4;1,73.5,senior
A-400,f767a48d-dab1-40eb-955a-247b88810a7c,Bug fixing / Maintenance;Build & Release Engineering;Design & API Evolution;Documentation;Feature / Improvement Implementation;Testing & Verification,12;3;3;4;6;1,73.5,senior
A-401,9dd85621-d472-4d7f-9f74-fe49cc79f5aa,Bug fixing / Maintenance;Build & Release Engineering;Documentation;Feature / Improvement Implementation;Other;Project / General Task;Testing & Verification,5;3;1;18;1;2;3,60.5,senior
A-402,b6a264ae-fce1-4803-a460-30e364466cc7,Bug fixing / Maintenance;Design & API Evolution;Testing & Verification,8;2;1,43.0,mid
A-403,e4a28f69-11af-4615-bd5b-a6c075209571,Bug fixing / Maintenance,1,18.0,junior
A-404,a48bd873-d34b-43aa-812b-f8622c9145f6,Bug fixing / Maintenance;Build & Release Engineering;Design & API Evolution;Documentation;Feature / Improvement Implementation;Testing & Verification,8;1;2;2;6;2,73.5,senior
A-405,61c1bdc5-785d-4383-a922-cd120130238b,Bug fixing / Maintenance;Build & Release Engineering;Feature / Improvement Implementation;Testing & Verification,7;2;2;2,42.0,mid
A-406,427944fb-4863-4324-8d8f-34aa377c6964,Bug fixing / Maintenance;Documentation,6;1,20.0,junior
A-407,f3e6bbb1-e2dc-46c2-b342-cb8dfbc5d1e8,Bug fixing / Maintenance;Build & Release Engineering;Code Refactoring & Cleanup;Design & API Evolution;Documentation;Feature / Improvement Implementation;Other;Performance Optimization;Project / General Task;Testing & Verification,123;44;8;8;56;196;4;10;12;22,132.5,expert
A-408,3cdfea5f-6111-45b4-bbb6-0e07a3e09c41,Bug fixing / Maintenance;Build & Release Engineering;Code Refactoring & Cleanup;Design & API Evolution;Documentation;Feature / Improvement Implementation;Other;Performance Optimization;Project / General Task;Testing & Verification,56;8;1;23;3;11;8;1;5;8,132.5,expert
A-409,3ecfe19f-35bd-4666-b91e-ae3b4c3c2dcf,Bug fixing / Maintenance;Build & Release Engineering;Code Refactoring & Cleanup;Design & API Evolution;Documentation;Feature / Improvement Implementation;Project / General Task;Testing & Verification,32;22;1;10;1;15;2;2,84.0,senior
A-41,bbea5c2a-739e-453a-b75c-fb96bda3e52c,Build & Release Engineering;Feature / Improvement Implementation,1;2,25.0,junior
A-410,a85a5b13-22fe-4356-8369-c1d8e0f6b159,Bug fixing / Maintenance;Build & Release Engineering;Design & API Evolution;Documentation;Feature / Improvement Implementation;Other;Project / General Task;Testing & Verification,34;20;3;5;13;7;2;77,89.0,senior
A-411,05a48157-9298-4648-9983-555d667c6ad0,Bug fixing / Maintenance;Build & Release Engineering;Code Refactoring & Cleanup;Design & API Evolution;Documentation;Feature / Improvement Implementation;Other;Performance Optimization;Project / General Task;Testing & Verification,108;39;2;22;25;89;10;1;8;28,132.5,expert
A-412,8bf192d2-4afb-4359-bf1a-8970746f908c,Build & Release Engineering,1,28.0,junior
A-413,d54b9fa6-5db4-4386-8564-5c5edcd27374,Bug fixing / Maintenance,1,18.0,junior
A-414,db056436-81f3-4a53-9f7b-30422f9c5b8b,Bug fixing / Maintenance;Build & Release Engineering;Design & API Evolution;Feature / Improvement Implementation,2;1;2;2,46.5,mid
A-415,edc23fbb-65f5-4438-9a7b-94092045f738,Bug fixing / Maintenance,3,18.0,junior
A-416,277da334-3f12-4c83-96fd-0a7ba0e8db02,Other,1,10.0,junior
A-417,989a907e-29be-4399-8910-53983997ee8d,Bug fixing / Maintenance;Build & Release Engineering;Code Refactoring & Cleanup;Design & API Evolution;Documentation;Feature / Improvement Implementation;Other;Performance Optimization;Project / General Task;Testing & Verification,74;17;4;6;13;42;11;2;3;16,132.5,expert
A-418,a22ae2bc-abb9-4ec8-91d0-10ec760d3d3e,Bug fixing / Maintenance;Feature / Improvement Implementation,3;4,24.0,junior
A-419,f06f038b-92c9-4d9e-b00d-8e550eadde2a,Bug fixing / Maintenance;Build & Release Engineering;Code Refactoring & Cleanup;Design & API Evolution;Documentation;Feature / Improvement Implementation;Other;Testing & Verification,22;13;1;6;7;65;4;6,94.5,senior
A-42,86f1e77c-180c-47e3-a60b-9465d2b214b8,Bug fixing / Maintenance;Build & Release Engineering;Code Refactoring & Cleanup;Design & API Evolution;Documentation;Feature / Improvement Implementation;Project / General Task;Testing & Verification,27;4;5;1;26;23;3;2,84.0,senior
A-420,a6716133-b0ba-42cb-98e5-0e16ed9c4038,Bug fixing / Maintenance;Feature / Improvement Implementation,1;2,20.0,junior
A-43,53734899-52bc-4c99-bbc5-bae3a07ad153,Bug fixing / Maintenance;Feature / Improvement Implementation,3;3,24.0,junior
A-44,e5b307cc-d45c-49af-a7ee-0049aefda58e,Bug fixing / Maintenance,1,18.0,junior
A-45,d48c29bb-98f9-458e-b7c4-54e2751921fe,Feature / Improvement Implementation,2,22.0,junior
A-46,603fd136-a15c-4b1e-8818-ed2b6bfcbb29,Bug fixing / Maintenance;Feature / Improvement Implementation;Performance Optimization,1;2;1,35.0,mid
A-47,3acf9cc0-342e-4c43-b110-5cd55f468265,Bug fixing / Maintenance;Build & Release Engineering;Design & API Evolution;Documentation;Feature / Improvement Implementation;Performance Optimization;Testing & Verification,5;1;5;1;22;1;1,75.5,senior
A-48,88fa0aa7-8296-4fbd-9042-30d32ae8ec87,Feature / Improvement Implementation;Performance Optimization,1;1,24.0,junior
A-49,de0a78b7-f75e-451e-a398-e15831886290,Bug fixing / Maintenance;Design & API Evolution;Feature / Improvement Implementation;Other,4;1;1;2,38.0,mid
A-5,c8100eea-3728-4128-8a07-34438879abbd,Bug fixing / Maintenance;Build & Release Engineering;Code Refactoring & Cleanup;Design & API Evolution;Documentation;Feature / Improvement Implementation;Other;Performance Optimization;Project / General Task;Testing & Verification,33;10;4;9;31;40;1;3;1;22,132.5,expert
A-50,703d2928-7e66-4dba-9861-f14fc80e822a,Build & Release Engineering;Feature / Improvement Implementation,2;3,29.5,junior
A-51,e0574b82-16fb-4b94-ad69-68408b3eb9f4,Bug fixing / Maintenance;Build & Release Engineering;Documentation,4;1;2,39.5,mid
A-52,603e5167-7fef-4606-8979-9ea398c63bde,Design & API Evolution;Feature / Improvement Implementation,1;1,26.0,junior
A-53,87a49420-2c21-44d7-a412-60c7036887af,Bug fixing / Maintenance;Build & Release Engineering;Design & API Evolution;Documentation;Feature / Improvement Implementation;Other;Performance Optimization;Project / General Task;Testing & Verification,57;27;8;8;20;17;3;9;21,130.5,expert
A-54,fd63fb5e-2bec-42e1-9dc5-1031d8aafbee,Bug fixing / Maintenance,1,18.0,junior
A-55,210b39a0-871e-4dd4-88ee-f155ebe1e81d,Documentation;Feature / Improvement Implementation,1;1,19.0,junior
A-56,22f8ba2f-d0e4-4fb4-8909-90a648a00440,Bug fixing / Maintenance;Build & Release Engineering;Design & API Evolution;Documentation;Feature / Improvement Implementation;Other;Performance Optimization;Testing & Verification,10;1;3;1;4;3;1;3,70.0,senior
A-57,2c9f701a-2640-4e8b-990e-f94b925954e2,Design & API Evolution;Feature / Improvement Implementation,4;2,31.0,junior
A-58,d7118fab-0d8b-462f-b0b8-5619784384c3,Bug fixing / Maintenance;Build & Release Engineering;Code Refactoring & Cleanup;Design & API Evolution;Documentation;Feature / Improvement Implementation;Other;Testing & Verification,26;6;1;2;3;14;1;1,82.0,senior
A-59,4a8466b4-0a1a-4376-87b5-f7d0249099fe,Bug fixing / Maintenance,1,18.0,junior
A-6,f00c4ce8-e2cf-4ee9-bd26-ce7def1c6313,Bug fixing / Maintenance;Build & Release Engineering;Design & API Evolution;Documentation;Feature / Improvement Implementation;Project / General Task;Testing & Verification,23;3;3;2;3;1;9,70.0,senior
A-60,cf77897c-82b9-4fb2-9bc4-23307a0da041,Bug fixing / Maintenance;Build & Release Engineering;Design & API Evolution;Documentation;Feature / Improvement Implementation;Other;Testing & Verification,4;11;1;5;13;1;6,68.0,senior
A-61,69bde144-bbfc-4dc7-ab7b-cf74f7f025ae,Bug fixing / Maintenance;Documentation;Testing & Verification,2;1;3,34.0,mid
A-62,8bda4a20-8cd2-4e91-8646-1e608f635353,Bug fixing / Maintenance,1,18.0,junior
A-63,446877af-c4aa-4c84-956a-b7d638a1cd6c,Feature / Improvement Implementation,1,22.0,junior
A-64,220cd9a1-dc81-468d-9c17-f7b23d2672cd,Bug fixing / Maintenance;Build & Release Engineering;Code Refactoring & Cleanup;Design & API Evolution;Documentation;Feature / Improvement Implementation;Other;Performance Optimization;Project / General Task;Testing & Verification,186;21;5;22;26;95;23;9;3;54,132.5,expert
A-65,8345c81f-d27c-4559-8922-62c8d1ba3c85,Bug fixing / Maintenance;Feature / Improvement Implementation;Performance Optimization,3;2;1,42.0,mid
A-66,41c955d8-2e6f-4ead-95f6-9b09e3d9a0d6,Bug fixing / Maintenance;Build & Release Engineering;Feature / Improvement Implementation,2;1;2,43.0,mid
A-67,a9d25c80-e18c-408e-a9f5-1de3d0b3914e,Design & API Evolution,1,30.0,junior
A-68,0ea34607-4dda-4495-8f55-3f64f7b5900f,Bug fixing / Maintenance;Design & API Evolution;Documentation;Testing & Verification,1;1;1;1,33.5,mid
A-69,a12f1d44-df7f-428e-b7f4-f2aff9874c11,Bug fixing / Maintenance;Build & Release Engineering;Code Refactoring & Cleanup;Design & API Evolution;Documentation;Feature / Improvement Implementation;Other;Performance Optimization;Project / General Task;Testing & Verification,82;44;16;11;49;71;12;1;85;67,132.5,expert
A-7,a9fc9a96-e948-4fb3-9f2d-a4052902bd93,Bug fixing / Maintenance;Build & Release Engineering;Design & API Evolution;Documentation;Feature / Improvement Implementation;Other;Testing & Verification,66;3;14;14;14;1;15,92.5,senior
A-70,87cea5a1-671d-47a6-84c7-32d263230229,Bug fixing / Maintenance;Design & API Evolution;Feature / Improvement Implementation,6;1;3,44.5,mid
A-71,76459298-8440-41a4-a054-22516d6652e7,Feature / Improvement Implementation,1,22.0,junior
A-72,9ce15d06-b578-42d5-a0e1-ba5f5f9c28a8,Bug fixing / Maintenance;Build & Release Engineering;Code Refactoring & Cleanup;Design & API Evolution;Documentation;Feature / Improvement Implementation;Other;Performance Optimization;Project / General Task;Testing & Verification,467;85;7;37;33;200;2;1;4;41,132.5,expert
A-73,3d5ad6f2-41d8-4097-b8be-86255fbf1911,Bug fixing / Maintenance;Build & Release Engineering;Design & API Evolution;Documentation;Feature / Improvement Implementation,18;2;4;2;6,50.0,mid
A-74,f4d45b60-d009-4549-a4a6-04acd4e2b281,Bug fixing / Maintenance;Design & API Evolution,4;2,28.5,junior
A-75,505e3f0a-e946-4b84-b2ec-f6a127c0d185,Bug fixing / Maintenance;Build & Release Engineering;Testing & Verification,1;1;4,42.0,mid
A-76,760e57fd-ef50-4632-a8d3-17cd2785b743,Bug fixing / Maintenance,1,18.0,junior
A-77,00fcbee7-ab3d-42cd-9955-4a033b48a90b,Bug fixing / Maintenance;Build & Release Engineering;Code Refactoring & Cleanup;Design & API Evolution;Documentation;Feature / Improvement Implementation;Other;Project / General Task;Testing & Verification,90;15;2;2;7;14;1;25;29,129.0,expert
A-78,4b7336ce-acdd-4e25-8e6c-1a0ece16339b,Bug fixing / Maintenance;Build & Release Engineering;Documentation;Project / General Task;Testing & Verification,12;1;1;2;10,42.0,mid
A-79,3c9bb687-74df-469a-b8c1-3480fcc2e99a,Bug fixing / Maintenance;Build & Release Engineering;Design & API Evolution;Documentation;Feature / Improvement Implementation;Testing & Verification,12;2;1;5;7;2,73.5,senior
A-8,5580d0cd-8e51-48dd-923b-a94a73605921,Bug fixing / Maintenance;Documentation;Feature / Improvement Implementation;Other,2;1;4;1,31.5,mid
A-80,444fa6fe-09c0-4e2e-98e4-9cf3659665b6,Bug fixing / Maintenance;Testing & Verification,2;2,19.0,junior
A-81,57280201-201e-4fe8-bc1e-16f1aaaa9457,Bug fixing / Maintenance;Documentation;Feature / Improvement Implementation;Project / General Task,7;1;5;1,33.0,mid
A-82,336b39ad-1226-4866-bd50-3008f615ed0a,Bug fixing / Maintenance,1,18.0,junior
A-83,0d2dbe85-127d-463a-bac6-c980bfafad5e,Bug fixing / Maintenance;Build & Release Engineering;Code Refactoring & Cleanup;Design & API Evolution;Documentation;Feature / Improvement Implementation;Other;Performance Optimization;Project / General Task;Testing & Verification,77;26;1;19;10;69;1;3;5;5,132.5,expert
A-84,a82218af-75ff-47b4-acfa-3d9aa00ecf56,Bug fixing / Maintenance;Documentation;Feature / Improvement Implementation;Testing & Verification,2;1;2;5,36.0,mid
A-85,d3552a83-52be-48e9-b3c9-26911c52d5f0,Bug fixing / Maintenance;Build & Release Engineering;Code Refactoring & Cleanup;Design & API Evolution;Documentation;Feature / Improvement Implementation;Other;Performance Optimization;Testing & Verification,85;12;3;6;21;32;7;1;36,137.5,expert
A-86,af75fd4d-f6e0-449a-8312-5626dc44c17e,Bug fixing / Maintenance,2,18.0,junior
A-87,011a3cdf-da73-4f35-830c-51cec916e387,Bug fixing / Maintenance;Build & Release Engineering;Code Refactoring & Cleanup;Design & API Evolution;Documentation;Feature / Improvement Implementation;Other;Testing & Verification,50;12;5;7;10;11;12;44,94.5,senior
A-88,ebdd796a-015a-4a23-b2cb-d30922d371df,Bug fixing / Maintenance;Code Refactoring & Cleanup;Design & API Evolution;Documentation;Feature / Improvement Implementation,8;4;1;2;6,48.5,mid
A-89,27bfa9e0-a993-4e03-b844-2515107d950c,Feature / Improvement Implementation,1,22.0,junior
A-9,ee9de9e9-2a30-42ab-93be-cb66bff5b17c,Bug fixing / Maintenance;Feature / Improvement Implementation,2;1,20.0,junior
A-90,dab8f596-6285-447e-abf7-e11597352d0d,Bug fixing / Maintenance;Feature / Improvement Implementation,11;1,24.0,junior
A-91,455a12c1-f191-4ff0-98e9-23c1ce312193,Bug fixing / Maintenance;Documentation;Other;Testing & Verification,4;1;1;2,30.5,mid
A-92,42831d29-67f6-43e2-af70-668008dbac10,Bug fixing / Maintenance,7,21.5,junior
A-93,e3a5e840-2254-4001-ace2-88bb840275dd,Bug fixing / Maintenance,3,18.0,junior
A-94,076a03ec-aa47-4ca0-988a-2573f8e4637f,Bug fixing / Maintenance,3,18.0,junior
A-95,6365cea4-672b-4355-bda4-f544bcb62113,Documentation,1,16.0,junior
A-96,1b0bbd80-8c4e-4ea1-9ff6-de2dfe0b4a0e,Bug fixing / Maintenance;Build & Release Engineering;Code Refactoring & Cleanup;Design & API Evolution;Documentation;Feature / Improvement Implementation;Other;Testing & Verification,21;2;1;2;1;4;5;12,69.5,senior
A-97,6c9b898f-6dae-40d9-9b47-2e9db1cf09cf,Bug fixing / Maintenance;Code Refactoring & Cleanup;Documentation;Feature / Improvement Implementation;Other,6;1;1;3;1,34.0,mid
A-98,729eae55-7007-4138-a83c-583b64399725,Bug fixing / Maintenance;Design & API Evolution;Documentation;Feature / Improvement Implementation,3;1;2;1,41.0,mid
A-99,bb3812ce-70ad-4d2b-8fd3-550fc6cebd77,Bug fixing / Maintenance;Feature / Improvement Implementation,1;1,20.0,junior
