jira_id,issue_key,project_key,created,resolutiondate,updated,components,issuetype_name,priority_name,assignee_key,assignee_name,creator_key,summary
13420653,MJAR-282,MJAR,2022-01-04T19:27:16+00:00,2022-01-05T17:33:32+00:00,2022-01-05T17:33:32+00:00,,Dependency upgrade,Major,<<|author_key|c7863441-9fe3-454e-ae32-9cf61fbf24b7|>>,<<|author_displayName|601664b3-040e-4e49-837f-11066e77b470|>>,<<|author_key|c7863441-9fe3-454e-ae32-9cf61fbf24b7|>>,Upgrade Maven Archiver to 3.5.2
13418463,MJAR-281,MJAR,2021-12-19T18:08:20+00:00,2022-01-05T17:34:07+00:00,2022-01-05T17:34:07+00:00,,Bug,Minor,<<|author_key|c7863441-9fe3-454e-ae32-9cf61fbf24b7|>>,<<|author_displayName|601664b3-040e-4e49-837f-11066e77b470|>>,<<|author_key|58970b6d-bc67-435a-abfa-ac16ad6e1e4c|>>,Wrong order of META-INF/ and META-INF/MANIFEST.MF entries
13410496,MJAR-280,MJAR,2021-11-07T21:18:07+00:00,,2021-12-19T18:19:13+00:00,,Task,Major,<<|author_key|33b47a55-4b79-49b1-b3c9-2e4f5d0847d0|>>,<<|author_displayName|63eecba0-bc17-47bd-8176-76eb0c456538|>>,<<|author_key|33b47a55-4b79-49b1-b3c9-2e4f5d0847d0|>>,Java 8 as minimum
13408268,MJAR-279,MJAR,2021-10-25T15:50:27+00:00,2021-10-26T16:12:46+00:00,2021-10-26T16:12:46+00:00,,Bug,Blocker,,,<<|author_key|61ba4d2d-525d-4163-bc1b-c2484303c974|>>,maven-jar-plugin after upgrade of Maven to 3.8.3 doesn't include classpath to MANIFEST 
13406786,MJAR-278,MJAR,2021-10-15T12:14:07+00:00,,2022-01-02T11:14:57+00:00,,Task,Major,<<|author_key|86e7e03b-b223-4a2d-a4dc-088a838f4206|>>,<<|author_displayName|f841ed7a-61ee-49bd-a14e-407b0c8b7d74|>>,<<|author_key|86e7e03b-b223-4a2d-a4dc-088a838f4206|>>,Update plugin (requires Maven 3.2.5+)
13343713,MJAR-276,MJAR,2020-12-02T08:47:44+00:00,2022-01-05T17:35:27+00:00,2022-01-05T17:35:27+00:00,,Bug,Major,<<|author_key|e511854a-a2af-4448-9360-8e98c159ef3c|>>,<<|author_displayName|242eb23d-0a02-4d07-8fc3-3dbba3009b1b|>>,<<|author_key|32cc30f0-1497-4309-88b7-9eb4299a7607|>>,Don't log a warning when jar will be empty and creation is forced
13337102,MJAR-275,MJAR,2020-10-25T18:39:08+00:00,,2021-12-22T09:24:42+00:00,,Bug,Minor,,,<<|author_key|3b7792aa-669c-47e0-ae67-fbd687fc282f|>>,outputTimestamp not applied to module-info; breaks reproducible builds
13314991,MJAR-274,MJAR,2020-07-04T13:20:56+00:00,,2020-08-19T16:28:29+00:00,,Improvement,Minor,,,<<|author_key|29b6acee-c775-4ba5-a662-cfc908b988c9|>>,Test TestJarMojo
13314200,MJAR-273,MJAR,2020-06-30T04:07:18+00:00,2022-01-05T17:30:22+00:00,2022-01-05T17:30:22+00:00,,Bug,Minor,,,<<|author_key|38248989-f0c8-4161-9afa-3fbf658d4e62|>>,Windows Linux Subsystem Network Drive share issue
13310464,MJAR-272,MJAR,2020-06-09T19:36:29+00:00,2020-06-09T21:04:48+00:00,2020-06-09T21:04:48+00:00,,Improvement,Major,<<|author_key|d80bd2a8-2821-4741-be7f-a3b5e8712132|>>,<<|author_displayName|ae118c62-13df-42b3-94d7-c1303a79c3fb|>>,<<|author_key|f08b3519-7643-479a-aefc-06f2d641fda6|>>,Flag for maven-jar-plugin to prevent artifact attachment
13310466,MJAR-271,MJAR,2020-06-09T20:05:49+00:00,,2022-01-05T19:03:22+00:00,,Improvement,Minor,,,<<|author_key|f08b3519-7643-479a-aefc-06f2d641fda6|>>,Flag for maven-jar-plugin to prevent artifact attachment
13296926,MJAR-270,MJAR,2020-04-07T21:22:59+00:00,2021-12-19T17:59:50+00:00,2021-12-19T17:59:50+00:00,,Improvement,Major,<<|author_key|58970b6d-bc67-435a-abfa-ac16ad6e1e4c|>>,<<|author_displayName|3c065986-095c-4ff9-be58-d3792a31071e|>>,<<|author_key|58970b6d-bc67-435a-abfa-ac16ad6e1e4c|>>,make build Reproducible
13280238,MJAR-269,MJAR,2020-01-17T21:58:11+00:00,2020-01-17T22:42:05+00:00,2020-01-18T19:47:55+00:00,,New Feature,Minor,<<|author_key|d80bd2a8-2821-4741-be7f-a3b5e8712132|>>,<<|author_displayName|ae118c62-13df-42b3-94d7-c1303a79c3fb|>>,<<|author_key|560b374f-0c47-405b-9182-498453defbc2|>>,Add Skip Property to Skip Plugin Execution
13270527,MJAR-268,MJAR,2019-11-25T19:05:52+00:00,2022-01-05T18:02:22+00:00,2022-01-05T18:02:22+00:00,,Bug,Critical,<<|author_key|e27405c7-1d7d-444c-b607-278f60888e9a|>>,<<|author_displayName|232af5fd-0424-470e-8149-7b2dcbe366c0|>>,<<|author_key|c9a64683-0e08-4f2d-b959-684588a3bb45|>>,maven-jar-plugin records wrong CRC for manifest files
13266073,MJAR-267,MJAR,2019-11-04T09:49:56+00:00,,2019-11-05T14:38:27+00:00,,Sub-task,Minor,,,<<|author_key|0b70ea56-966a-4966-82f1-2d6d040ab422|>>,Propertize addDefaultImplementationEntries and addDefaultSpecificationEntries
13235319,MJAR-266,MJAR,2019-05-24T08:35:12+00:00,2019-08-28T07:25:47+00:00,2019-08-28T07:25:47+00:00,,Bug,Major,,,<<|author_key|b8ba1e9f-88f5-43a4-8072-d80cecf69d9e|>>,"""unknown error"" in Eclipse when upgrading m-jar-p to 3.1.2"
13234557,MJAR-265,MJAR,2019-05-21T10:18:39+00:00,,2021-02-02T20:48:25+00:00,,New Feature,Minor,,,<<|author_key|6b4045a2-c861-4a02-b3af-b11620d7f1a2|>>,Resources not copied
13232606,MJAR-264,MJAR,2019-05-10T09:11:37+00:00,,2020-09-01T18:14:08+00:00,,Bug,Major,,,<<|author_key|f1adf7ac-9377-4619-90f3-f97f06bed7f0|>>,finalName property can be set and is not immutable
13221016,MJAR-263,MJAR,2019-03-12T07:15:36+00:00,2019-11-03T09:13:46+00:00,2020-02-01T18:17:08+00:00,,New Feature,Major,<<|author_key|58970b6d-bc67-435a-abfa-ac16ad6e1e4c|>>,<<|author_displayName|3c065986-095c-4ff9-be58-d3792a31071e|>>,<<|author_key|58970b6d-bc67-435a-abfa-ac16ad6e1e4c|>>,Reproducible Builds: make entries in output jar files reproducible (order + timestamp)
13202851,MJAR-261,MJAR,2018-12-06T16:23:10+00:00,2018-12-06T16:32:23+00:00,2018-12-08T11:43:20+00:00,,Dependency upgrade,Minor,<<|author_key|e27405c7-1d7d-444c-b607-278f60888e9a|>>,<<|author_displayName|232af5fd-0424-470e-8149-7b2dcbe366c0|>>,<<|author_key|e27405c7-1d7d-444c-b607-278f60888e9a|>>,Upgrade plexus-archiver 3.7.0
13198865,MJAR-260,MJAR,2018-11-16T10:41:26+00:00,2018-12-06T16:33:54+00:00,2018-12-06T16:33:54+00:00,,Improvement,Minor,<<|author_key|faccd0e0-0b23-4845-ba9f-81ca17cb46c7|>>,<<|author_displayName|1601fda7-9303-4a43-b812-faa8967bee70|>>,<<|author_key|faccd0e0-0b23-4845-ba9f-81ca17cb46c7|>>,Upgrade to Archiver 3.3.0 and add ITs
13198065,MJAR-259,MJAR,2018-11-13T13:49:34+00:00,2019-05-08T20:05:17+00:00,2019-05-08T20:09:23+00:00,,Bug,Major,<<|author_key|e27405c7-1d7d-444c-b607-278f60888e9a|>>,<<|author_displayName|232af5fd-0424-470e-8149-7b2dcbe366c0|>>,<<|author_key|09544473-856a-43ff-82e0-a2cf2aa08c87|>>,Archiving to jar is very slow
13193570,MJAR-258,MJAR,2018-10-23T13:28:28+00:00,2018-10-23T14:30:25+00:00,2018-10-23T14:30:25+00:00,,New Feature,Major,,,<<|author_key|ef1e9a5f-0cbe-452a-93aa-52c651431aab|>>,Build fails on test-jar
13186891,MJAR-257,MJAR,2018-09-23T16:16:44+00:00,2019-12-18T07:23:19+00:00,2019-12-18T07:23:19+00:00,,New Feature,Minor,,,<<|author_key|b50bbe66-65e8-490a-9e6a-a3743ebcf821|>>,Option to strip non-deterministic aspects of jars post-creation
13178062,MJAR-256,MJAR,2018-08-09T17:02:23+00:00,2018-08-31T11:52:05+00:00,2018-08-31T11:56:06+00:00,,Dependency upgrade,Minor,<<|author_key|e27405c7-1d7d-444c-b607-278f60888e9a|>>,<<|author_displayName|232af5fd-0424-470e-8149-7b2dcbe366c0|>>,<<|author_key|e27405c7-1d7d-444c-b607-278f60888e9a|>>,Upgrade JUnit to 4.12
13175366,MJAR-255,MJAR,2018-07-28T22:05:37+00:00,2018-07-29T09:00:21+00:00,2018-11-24T20:08:50+00:00,,Dependency upgrade,Minor,<<|author_key|e27405c7-1d7d-444c-b607-278f60888e9a|>>,<<|author_displayName|232af5fd-0424-470e-8149-7b2dcbe366c0|>>,<<|author_key|e27405c7-1d7d-444c-b607-278f60888e9a|>>,Upgrade maven-plugins parent to version 32
13167297,MJAR-254,MJAR,2018-06-21T02:31:15+00:00,2019-01-16T22:39:00+00:00,2019-01-19T20:04:28+00:00,,Bug,Minor,<<|author_key|d80bd2a8-2821-4741-be7f-a3b5e8712132|>>,<<|author_displayName|ae118c62-13df-42b3-94d7-c1303a79c3fb|>>,<<|author_key|e55660c5-fb04-4f62-a862-6ea151f22766|>>,The fix for MJAR-198 is incomplete: filename conflict not detected
13166887,MJAR-253,MJAR,2018-06-19T09:58:55+00:00,2019-05-08T20:10:06+00:00,2019-05-08T20:10:06+00:00,,Bug,Minor,,,<<|author_key|40cb9a31-44e9-4462-b197-3fc8dfd62d64|>>,Since 3.0.0 builds fail with You have to use a classifier to attach supplemental artifacts to the project instead of replacing them.
13160121,MJAR-252,MJAR,2018-05-17T19:15:28+00:00,2018-05-18T14:36:27+00:00,2018-11-08T15:57:41+00:00,,Dependency upgrade,Minor,<<|author_key|e27405c7-1d7d-444c-b607-278f60888e9a|>>,<<|author_displayName|232af5fd-0424-470e-8149-7b2dcbe366c0|>>,<<|author_key|e27405c7-1d7d-444c-b607-278f60888e9a|>>,Upgrade plexus-archiver to 3.6.0
13152495,MJAR-251,MJAR,2018-04-14T19:29:08+00:00,2018-05-19T10:35:32+00:00,2018-05-19T10:35:32+00:00,,Task,Minor,<<|author_key|e27405c7-1d7d-444c-b607-278f60888e9a|>>,<<|author_displayName|232af5fd-0424-470e-8149-7b2dcbe366c0|>>,<<|author_key|e27405c7-1d7d-444c-b607-278f60888e9a|>>,Add documentation information for GitHub
13148664,MJAR-249,MJAR,2018-03-28T18:40:53+00:00,2018-03-30T17:54:04+00:00,2018-03-30T17:58:45+00:00,,Bug,Blocker,<<|author_key|e27405c7-1d7d-444c-b607-278f60888e9a|>>,<<|author_displayName|232af5fd-0424-470e-8149-7b2dcbe366c0|>>,<<|author_key|e27405c7-1d7d-444c-b607-278f60888e9a|>>,Get Build working on JDK 10
13145747,MJAR-248,MJAR,2018-03-16T15:06:44+00:00,2019-02-16T20:49:49+00:00,2019-02-16T20:49:49+00:00,,New Feature,Minor,,,<<|author_key|bbf6635b-0546-4ac3-a216-15b6bfb83134|>>,option to prevent META-INF/MANIFEST.MF creation
13145567,MJAR-247,MJAR,2018-03-16T03:02:19+00:00,2018-03-16T13:57:21+00:00,2018-03-16T13:57:21+00:00,site,Task,Minor,<<|author_key|d80bd2a8-2821-4741-be7f-a3b5e8712132|>>,<<|author_displayName|ae118c62-13df-42b3-94d7-c1303a79c3fb|>>,<<|author_key|cf5e5bef-7a98-499a-b2dd-7c8a49537d34|>>,Broken link to codehaus wiki
13138286,MJAR-246,MJAR,2018-02-13T18:53:21+00:00,2018-02-14T05:53:07+00:00,2018-02-14T05:53:07+00:00,,Dependency upgrade,Minor,<<|author_key|e27405c7-1d7d-444c-b607-278f60888e9a|>>,<<|author_displayName|232af5fd-0424-470e-8149-7b2dcbe366c0|>>,<<|author_key|e27405c7-1d7d-444c-b607-278f60888e9a|>>,Upgrade parent to 31
13137264,MJAR-245,MJAR,2018-02-08T21:22:42+00:00,2018-03-30T18:10:50+00:00,2018-04-06T19:29:36+00:00,site,Bug,Minor,<<|author_key|e27405c7-1d7d-444c-b607-278f60888e9a|>>,<<|author_displayName|232af5fd-0424-470e-8149-7b2dcbe366c0|>>,<<|author_key|1f595ea9-a214-4070-b87b-994bb62dd764|>>,Additional attached jar: role of classifier 
13137262,MJAR-244,MJAR,2018-02-08T21:18:28+00:00,2018-02-22T22:37:09+00:00,2018-02-22T22:37:09+00:00,site,Bug,Major,,,<<|author_key|1f595ea9-a214-4070-b87b-994bb62dd764|>>,Missing documentation: unsatisfied link 
13126879,MJAR-243,MJAR,2017-12-22T19:25:37+00:00,2017-12-26T14:36:07+00:00,2017-12-26T14:36:08+00:00,,Dependency upgrade,Critical,<<|author_key|e27405c7-1d7d-444c-b607-278f60888e9a|>>,<<|author_displayName|232af5fd-0424-470e-8149-7b2dcbe366c0|>>,<<|author_key|e27405c7-1d7d-444c-b607-278f60888e9a|>>,maven-archiver 3.1.1 to 3.2.0
13122942,MJAR-242,MJAR,2017-12-05T17:15:01+00:00,2017-12-06T20:04:32+00:00,2017-12-06T20:04:32+00:00,,Bug,Minor,<<|author_key|d80bd2a8-2821-4741-be7f-a3b5e8712132|>>,<<|author_displayName|ae118c62-13df-42b3-94d7-c1303a79c3fb|>>,<<|author_key|bb0e351e-8d35-4946-8ca6-ff0c7375dee7|>>,"When building an empty project with mvn clean install deploy it will fail because it executes maven-jar-plugin twice with ""have to use classifier"" error."
13098647,MJAR-241,MJAR,2017-08-30T20:03:57+00:00,2018-05-19T10:41:51+00:00,2018-05-19T10:41:56+00:00,,Bug,Major,<<|author_key|e27405c7-1d7d-444c-b607-278f60888e9a|>>,<<|author_displayName|232af5fd-0424-470e-8149-7b2dcbe366c0|>>,<<|author_key|f3d98761-d933-4cc6-9309-b5aad98b1d73|>>,Jar package does not have a size in ZipEntry
13090264,MJAR-240,MJAR,2017-07-26T16:43:35+00:00,2018-03-30T20:19:54+00:00,2018-03-30T20:19:54+00:00,site,Bug,Trivial,<<|author_key|e27405c7-1d7d-444c-b607-278f60888e9a|>>,<<|author_displayName|232af5fd-0424-470e-8149-7b2dcbe366c0|>>,<<|author_key|dde857b7-6434-4e20-95b1-20dd09731b06|>>,maven-jar-plugin index.html - bad links in left column Examples section
13089540,MJAR-239,MJAR,2017-07-24T14:16:04+00:00,,2022-01-05T17:56:36+00:00,,Bug,Major,,,<<|author_key|8e802f32-979d-474a-bb05-d856faba2ae7|>>,Class-Path order has changed is incorrect when adding ManifestEntries
13086175,MJAR-238,MJAR,2017-07-11T07:43:53+00:00,2019-01-17T18:29:51+00:00,2021-09-11T14:27:00+00:00,,Improvement,Minor,<<|author_key|8f4d135c-6b9f-4a5d-9138-c693c7fec301|>>,<<|author_displayName|4cce8164-80d0-475b-8302-f0bb978a4723|>>,<<|author_key|122bd959-8ccb-47fb-be94-82bf4ec77c54|>>,Allow setting of module main class
13067931,MJAR-237,MJAR,2017-04-29T11:43:04+00:00,2017-09-16T16:37:55+00:00,2018-02-22T22:37:09+00:00,,Bug,Major,<<|author_key|e27405c7-1d7d-444c-b607-278f60888e9a|>>,<<|author_displayName|232af5fd-0424-470e-8149-7b2dcbe366c0|>>,<<|author_key|e27405c7-1d7d-444c-b607-278f60888e9a|>>,"Navigation link ""Creating an Executable JAR File"" is wrong."
13064204,MJAR-236,MJAR,2017-04-15T10:48:56+00:00,2017-04-15T10:52:51+00:00,2018-03-30T20:18:05+00:00,,Improvement,Critical,<<|author_key|e27405c7-1d7d-444c-b607-278f60888e9a|>>,<<|author_displayName|232af5fd-0424-470e-8149-7b2dcbe366c0|>>,<<|author_key|e27405c7-1d7d-444c-b607-278f60888e9a|>>,Keep maven-compiler-plugin to 3.5.1 based on JDK9 issues
13064203,MJAR-235,MJAR,2017-04-15T10:19:09+00:00,2017-04-15T10:20:51+00:00,2017-12-22T19:33:34+00:00,,Improvement,Minor,<<|author_key|e27405c7-1d7d-444c-b607-278f60888e9a|>>,<<|author_displayName|232af5fd-0424-470e-8149-7b2dcbe366c0|>>,<<|author_key|e27405c7-1d7d-444c-b607-278f60888e9a|>>,Update life cycle bound plugin versions
13058856,MJAR-234,MJAR,2017-03-24T10:32:43+00:00,2017-03-25T09:44:06+00:00,2017-03-25T09:44:06+00:00,,Bug,Major,,,<<|author_key|e30c1c87-7f24-402b-8273-64b9894cbeb4|>>,Class-Path: attribute in manifest shouldn't have broken names
12995702,MJAR-233,MJAR,2016-08-08T16:56:29+00:00,2016-08-08T18:58:01+00:00,2017-03-07T20:07:58+00:00,,Bug,Major,<<|author_key|d80bd2a8-2821-4741-be7f-a3b5e8712132|>>,<<|author_displayName|ae118c62-13df-42b3-94d7-c1303a79c3fb|>>,<<|author_key|e9487deb-d4bb-4ad2-8717-369c0a455515|>>,What happened to finalName?!
12991857,MJAR-232,MJAR,2016-07-22T15:32:37+00:00,2017-01-13T14:21:13+00:00,2017-01-13T14:21:13+00:00,,Bug,Major,,,<<|author_key|988b4213-dc1a-4aaa-8c1d-91e4ea45dedd|>>,The MJP doesn't genereate artifact with 'tests' classifier for 'test-jar' goal
12980496,MJAR-230,MJAR,2016-06-18T12:37:52+00:00,2016-06-18T12:39:26+00:00,2016-06-18T13:09:44+00:00,,Task,Trivial,<<|author_key|c8ae11db-539e-4411-9773-1d60e676dd95|>>,<<|author_displayName|e80f8db8-12e8-49e1-90d2-1244d8dfa814|>>,<<|author_key|c8ae11db-539e-4411-9773-1d60e676dd95|>>,Upgrade of plexus-archiver to 3.4.
12979500,MJAR-229,MJAR,2016-06-15T19:10:18+00:00,2016-06-18T13:49:23+00:00,2016-06-18T14:14:12+00:00,,Bug,Blocker,<<|author_key|e27405c7-1d7d-444c-b607-278f60888e9a|>>,<<|author_displayName|232af5fd-0424-470e-8149-7b2dcbe366c0|>>,<<|author_key|e27405c7-1d7d-444c-b607-278f60888e9a|>>,Upgrade maven-archiver to 3.1.1
12977032,MJAR-228,MJAR,2016-06-08T22:09:53+00:00,2016-06-18T13:49:10+00:00,2022-01-05T17:43:50+00:00,,Bug,Major,<<|author_key|e27405c7-1d7d-444c-b607-278f60888e9a|>>,<<|author_displayName|232af5fd-0424-470e-8149-7b2dcbe366c0|>>,<<|author_key|b67c99cf-57c8-48fb-8cb0-895ec3b3125e|>>,Plugin generates wrong Class-Path in MANIFEST
12973807,MJAR-227,MJAR,2016-05-29T15:31:39+00:00,2016-05-29T15:44:50+00:00,2016-05-29T16:01:25+00:00,,Improvement,Trivial,<<|author_key|c8ae11db-539e-4411-9773-1d60e676dd95|>>,<<|author_displayName|e80f8db8-12e8-49e1-90d2-1244d8dfa814|>>,<<|author_key|c8ae11db-539e-4411-9773-1d60e676dd95|>>,Upgrade of 'plexus-archiver' to version 3.3.
12973734,MJAR-226,MJAR,2016-05-28T22:35:10+00:00,2016-06-06T19:19:13+00:00,2016-06-06T19:43:55+00:00,,Bug,Critical,<<|author_key|e27405c7-1d7d-444c-b607-278f60888e9a|>>,<<|author_displayName|232af5fd-0424-470e-8149-7b2dcbe366c0|>>,<<|author_key|e27405c7-1d7d-444c-b607-278f60888e9a|>>,Memory issues - Upgrade maven-archiver to 3.1.0
12973360,MJAR-225,MJAR,2016-05-27T09:37:51+00:00,2016-05-27T09:40:26+00:00,2016-05-27T10:07:15+00:00,,Improvement,Minor,<<|author_key|e27405c7-1d7d-444c-b607-278f60888e9a|>>,<<|author_displayName|232af5fd-0424-470e-8149-7b2dcbe366c0|>>,<<|author_key|e27405c7-1d7d-444c-b607-278f60888e9a|>>,Upgrade maven-plugins to version 30
12971182,MJAR-224,MJAR,2016-05-19T15:20:59+00:00,2016-07-17T10:13:51+00:00,2017-11-14T17:17:02+00:00,,Bug,Major,<<|author_key|e27405c7-1d7d-444c-b607-278f60888e9a|>>,<<|author_displayName|232af5fd-0424-470e-8149-7b2dcbe366c0|>>,<<|author_key|56862b17-8563-4cd6-aeac-3521a536f0cf|>>,Not possible to exclude classes from primary jar only
12970818,MJAR-223,MJAR,2016-05-18T16:11:29+00:00,2016-06-18T13:49:47+00:00,2016-10-16T22:01:19+00:00,,Bug,Major,<<|author_key|e27405c7-1d7d-444c-b607-278f60888e9a|>>,<<|author_displayName|232af5fd-0424-470e-8149-7b2dcbe366c0|>>,<<|author_key|962cacbb-334a-4908-85d4-63d1cef0987c|>>,classpathLayoutType is not taken into account when building the classpath attribute in the manifest
12969897,MJAR-222,MJAR,2016-05-16T03:45:19+00:00,2016-05-26T19:50:10+00:00,2016-07-26T16:30:18+00:00,,Bug,Major,<<|author_key|e27405c7-1d7d-444c-b607-278f60888e9a|>>,<<|author_displayName|232af5fd-0424-470e-8149-7b2dcbe366c0|>>,<<|author_key|54a3114a-bfad-4fa4-8b6d-1ca662ad1463|>>,"when i upgrade 3.0.0 from 2.6, eclipse show org.apache.maven.archiver.MavenArchiver.getManifest(org.apache.maven.project.MavenProject, org.apache.maven.archiver.MavenArchiveConfiguration)"
12969390,MJAR-221,MJAR,2016-05-12T20:10:42+00:00,2016-07-17T10:17:40+00:00,2018-03-16T13:57:21+00:00,,Bug,Minor,<<|author_key|e27405c7-1d7d-444c-b607-278f60888e9a|>>,<<|author_displayName|232af5fd-0424-470e-8149-7b2dcbe366c0|>>,<<|author_key|c5e9ac61-f7e1-426c-92fe-623b654963bd|>>,Link to wiki page should be removed now that Codehaus is shut down
12965843,MJAR-220,MJAR,2016-05-07T18:47:19+00:00,2019-05-08T19:50:40+00:00,2019-05-08T19:50:43+00:00,,Bug,Major,<<|author_key|e27405c7-1d7d-444c-b607-278f60888e9a|>>,<<|author_displayName|232af5fd-0424-470e-8149-7b2dcbe366c0|>>,<<|author_key|e27405c7-1d7d-444c-b607-278f60888e9a|>>,REGRESSION Created-By row in manifest does not include Maven version
12965841,MJAR-219,MJAR,2016-05-07T18:31:30+00:00,2016-06-04T07:34:40+00:00,2016-10-09T18:31:38+00:00,,Improvement,Minor,<<|author_key|e27405c7-1d7d-444c-b607-278f60888e9a|>>,<<|author_displayName|232af5fd-0424-470e-8149-7b2dcbe366c0|>>,<<|author_key|c5e9ac61-f7e1-426c-92fe-623b654963bd|>>,Improve confusing text wrt Jarsigner plugin on Usage page
12963056,MJAR-218,MJAR,2016-04-27T13:20:52+00:00,2016-05-01T10:09:12+00:00,2016-05-01T10:44:31+00:00,,Task,Major,<<|author_key|e27405c7-1d7d-444c-b607-278f60888e9a|>>,<<|author_displayName|232af5fd-0424-470e-8149-7b2dcbe366c0|>>,<<|author_key|c5e9ac61-f7e1-426c-92fe-623b654963bd|>>,Upgrade to maven-archiver 3.0.2 to fix regression
12960102,MJAR-217,MJAR,2016-04-19T19:39:33+00:00,2016-04-19T20:14:29+00:00,2020-04-22T07:13:25+00:00,,Improvement,Minor,<<|author_key|e27405c7-1d7d-444c-b607-278f60888e9a|>>,<<|author_displayName|232af5fd-0424-470e-8149-7b2dcbe366c0|>>,<<|author_key|e27405c7-1d7d-444c-b607-278f60888e9a|>>,Make finalName readonly parameter
12959581,MJAR-216,MJAR,2016-04-18T08:51:02+00:00,2016-04-19T18:49:08+00:00,2016-04-19T19:28:27+00:00,,Bug,Minor,<<|author_key|e27405c7-1d7d-444c-b607-278f60888e9a|>>,<<|author_displayName|232af5fd-0424-470e-8149-7b2dcbe366c0|>>,<<|author_key|c5e9ac61-f7e1-426c-92fe-623b654963bd|>>,Documentation for skip param in test-jar goal is wrong
12958584,MJAR-215,MJAR,2016-04-13T19:48:27+00:00,2016-04-13T19:51:46+00:00,2016-04-13T20:10:36+00:00,,Improvement,Minor,<<|author_key|e27405c7-1d7d-444c-b607-278f60888e9a|>>,<<|author_displayName|232af5fd-0424-470e-8149-7b2dcbe366c0|>>,<<|author_key|e27405c7-1d7d-444c-b607-278f60888e9a|>>,Upgrade plexus-archiver from 3.1 to 3.1.1 in synch with maven-archiver 3.0.1
12957813,MJAR-214,MJAR,2016-04-11T18:51:19+00:00,2016-04-11T18:52:41+00:00,2016-04-11T19:19:54+00:00,,Improvement,Minor,<<|author_key|e27405c7-1d7d-444c-b607-278f60888e9a|>>,<<|author_displayName|232af5fd-0424-470e-8149-7b2dcbe366c0|>>,<<|author_key|e27405c7-1d7d-444c-b607-278f60888e9a|>>,Replace @pom.version@ with @project.version@ in Integration Tests
12957328,MJAR-213,MJAR,2016-04-08T20:35:19+00:00,2016-04-11T18:29:58+00:00,2016-11-08T03:30:15+00:00,,Task,Minor,<<|author_key|e27405c7-1d7d-444c-b607-278f60888e9a|>>,<<|author_displayName|232af5fd-0424-470e-8149-7b2dcbe366c0|>>,<<|author_key|e27405c7-1d7d-444c-b607-278f60888e9a|>>,Upgrade to maven-archiver 3.0.1
12956452,MJAR-212,MJAR,2016-04-06T10:29:12+00:00,2016-04-06T14:50:01+00:00,2016-05-20T20:12:44+00:00,,Bug,Blocker,,,<<|author_key|f0ebdad2-9c5c-4468-a878-618f63697f4b|>>,AIOOB in AbstractZipArchiver on Java9 EA (jigsaw)
12954665,MJAR-210,MJAR,2016-03-30T15:39:23+00:00,2016-04-04T18:40:49+00:00,2016-04-05T18:48:12+00:00,,Improvement,Major,<<|author_key|e27405c7-1d7d-444c-b607-278f60888e9a|>>,<<|author_displayName|232af5fd-0424-470e-8149-7b2dcbe366c0|>>,<<|author_key|e27405c7-1d7d-444c-b607-278f60888e9a|>>,Remove useDefaultManifestFile parameter
12954265,MJAR-209,MJAR,2016-03-29T11:07:35+00:00,2016-04-23T12:13:02+00:00,2016-04-23T12:13:02+00:00,,Improvement,Major,<<|author_key|e27405c7-1d7d-444c-b607-278f60888e9a|>>,<<|author_displayName|232af5fd-0424-470e-8149-7b2dcbe366c0|>>,<<|author_key|c5e9ac61-f7e1-426c-92fe-623b654963bd|>>,Remove param properties that doesn't make sense for CLI usage
12954237,MJAR-208,MJAR,2016-03-29T09:18:07+00:00,2016-03-29T09:21:35+00:00,2016-03-29T11:08:08+00:00,,Improvement,Minor,<<|author_key|e27405c7-1d7d-444c-b607-278f60888e9a|>>,<<|author_displayName|232af5fd-0424-470e-8149-7b2dcbe366c0|>>,<<|author_key|e27405c7-1d7d-444c-b607-278f60888e9a|>>,Make naming of properties consistent
12953871,MJAR-207,MJAR,2016-03-27T23:00:47+00:00,2016-03-27T23:01:30+00:00,2016-03-27T23:33:33+00:00,,Improvement,Minor,<<|author_key|e27405c7-1d7d-444c-b607-278f60888e9a|>>,<<|author_displayName|232af5fd-0424-470e-8149-7b2dcbe366c0|>>,<<|author_key|e27405c7-1d7d-444c-b607-278f60888e9a|>>,Upgrade plexus-archiver from 3.0.3 to 3.1
12926837,MJAR-206,MJAR,2016-01-03T19:03:13+00:00,2016-01-03T19:31:28+00:00,2016-10-16T22:01:07+00:00,,Bug,Blocker,,,<<|author_key|4c6673ad-17db-44c9-a35f-18381093d063|>>,maven-jar-plugin build failure when using Jdk 9
12921036,MJAR-205,MJAR,2015-12-11T11:12:06+00:00,2016-01-31T14:53:19+00:00,2016-01-31T15:10:03+00:00,,Bug,Major,<<|author_key|e27405c7-1d7d-444c-b607-278f60888e9a|>>,<<|author_displayName|232af5fd-0424-470e-8149-7b2dcbe366c0|>>,<<|author_key|0bf3fcac-a0e2-4358-a1a1-a9862f543b8f|>>,Compatibility with JDK9 requires an update of plexus-archiver
12913175,MJAR-204,MJAR,2015-11-15T21:40:56+00:00,2015-11-15T21:43:23+00:00,2015-11-15T21:43:32+00:00,,Bug,Blocker,<<|author_key|e27405c7-1d7d-444c-b607-278f60888e9a|>>,<<|author_displayName|232af5fd-0424-470e-8149-7b2dcbe366c0|>>,<<|author_key|e27405c7-1d7d-444c-b607-278f60888e9a|>>,Adding plexus-utils version 3.0.22
12913165,MJAR-203,MJAR,2015-11-15T18:25:27+00:00,2015-12-11T12:43:22+00:00,2015-12-11T13:22:27+00:00,,Improvement,Critical,<<|author_key|e27405c7-1d7d-444c-b607-278f60888e9a|>>,<<|author_displayName|232af5fd-0424-470e-8149-7b2dcbe366c0|>>,<<|author_key|e27405c7-1d7d-444c-b607-278f60888e9a|>>,Change package to org.apache.maven.plugins to prevent conflict with Maven Core
12913164,MJAR-202,MJAR,2015-11-15T18:21:14+00:00,2015-11-15T18:21:52+00:00,2015-11-15T18:21:53+00:00,,Improvement,Trivial,<<|author_key|e27405c7-1d7d-444c-b607-278f60888e9a|>>,<<|author_displayName|232af5fd-0424-470e-8149-7b2dcbe366c0|>>,<<|author_key|e27405c7-1d7d-444c-b607-278f60888e9a|>>,Bump version to 3.0.0-SNAPSHOT
12913154,MJAR-201,MJAR,2015-11-15T14:55:58+00:00,2015-11-15T14:59:20+00:00,2015-11-15T14:59:20+00:00,,Improvement,Major,<<|author_key|e27405c7-1d7d-444c-b607-278f60888e9a|>>,<<|author_displayName|232af5fd-0424-470e-8149-7b2dcbe366c0|>>,<<|author_key|e27405c7-1d7d-444c-b607-278f60888e9a|>>,Upgrade Maven 3.X Only JDK 1.6
12907171,MJAR-200,MJAR,2015-10-22T18:26:32+00:00,2015-12-19T22:16:01+00:00,2015-12-19T22:16:01+00:00,,Improvement,Minor,<<|author_key|e27405c7-1d7d-444c-b607-278f60888e9a|>>,<<|author_displayName|232af5fd-0424-470e-8149-7b2dcbe366c0|>>,<<|author_key|e27405c7-1d7d-444c-b607-278f60888e9a|>>,Create an option to suppress [WARNING] JAR will be empty - no content was marked for inclusion!
12848875,MJAR-199,MJAR,2015-07-24T12:25:04+00:00,2015-12-19T22:08:10+00:00,2016-04-25T18:06:05+00:00,,Improvement,Minor,<<|author_key|e27405c7-1d7d-444c-b607-278f60888e9a|>>,<<|author_displayName|232af5fd-0424-470e-8149-7b2dcbe366c0|>>,<<|author_key|56273c89-7f08-466b-bcee-ae510466afe7|>>,"Option ""classifier"" to goal test-jar"
12845883,MJAR-198,MJAR,2015-07-17T13:12:36+00:00,2015-12-19T21:47:52+00:00,2018-11-20T21:11:06+00:00,,Bug,Minor,<<|author_key|e27405c7-1d7d-444c-b607-278f60888e9a|>>,<<|author_displayName|232af5fd-0424-470e-8149-7b2dcbe366c0|>>,<<|author_key|c5dc6de3-c2d6-4667-9e21-bbc86a53db7c|>>,jar:jar without classifier replaces default jar
12844600,MJAR-197,MJAR,2015-07-13T09:57:31+00:00,2015-07-14T06:38:53+00:00,2017-09-01T11:43:57+00:00,site,Bug,Trivial,<<|author_key|e27405c7-1d7d-444c-b607-278f60888e9a|>>,<<|author_displayName|232af5fd-0424-470e-8149-7b2dcbe366c0|>>,<<|author_key|1aca4d2e-5ff6-4b1f-bc30-2ae7ce484800|>>,Typo in site navigation
12830604,MJAR-195,MJAR,2015-05-18T07:58:59+00:00,2015-06-04T21:16:26+00:00,2015-06-07T15:26:39+00:00,,Bug,Major,<<|author_key|e27405c7-1d7d-444c-b607-278f60888e9a|>>,<<|author_displayName|232af5fd-0424-470e-8149-7b2dcbe366c0|>>,<<|author_key|d596a657-f292-4505-a416-3ab38516cb23|>>,Add option to use unmodified existing manifest file
12823861,MJAR-194,MJAR,2015-04-24T19:33:45+00:00,2015-04-24T19:36:06+00:00,2016-05-07T18:44:58+00:00,,Improvement,Minor,<<|author_key|e27405c7-1d7d-444c-b607-278f60888e9a|>>,<<|author_displayName|232af5fd-0424-470e-8149-7b2dcbe366c0|>>,<<|author_key|e27405c7-1d7d-444c-b607-278f60888e9a|>>,Upgrade plexus-archiver to 2.10
12803812,MJAR-193,MJAR,2015-03-04T07:50:00+00:00,,2020-03-31T17:23:27+00:00,,Improvement,Major,,,<<|author_key|7cf5e561-ce2d-469e-a4fd-df0fd646e076|>>,Allow other mojos to contribute to the manifest
12803935,MJAR-192,MJAR,2015-01-03T14:32:26+00:00,2018-03-16T22:39:29+00:00,2018-03-16T22:39:29+00:00,,Bug,Major,,,<<|author_key|75c05601-4fb9-46ac-bf32-865d3b8429dd|>>,Sporadic NPE in maven-jar-plugin:2.5:jar
12803951,MJAR-191,MJAR,2014-11-18T16:52:59+00:00,2014-11-18T16:53:51+00:00,2014-11-18T16:53:51+00:00,,Improvement,Major,<<|author_key|e27405c7-1d7d-444c-b607-278f60888e9a|>>,<<|author_displayName|232af5fd-0424-470e-8149-7b2dcbe366c0|>>,<<|author_key|e27405c7-1d7d-444c-b607-278f60888e9a|>>,Upgrade to maven-plugins parent version 27
12803931,MJAR-190,MJAR,2014-11-04T13:50:12+00:00,2014-11-04T14:12:13+00:00,2014-11-04T14:12:13+00:00,,Improvement,Minor,<<|author_key|e27405c7-1d7d-444c-b607-278f60888e9a|>>,<<|author_displayName|232af5fd-0424-470e-8149-7b2dcbe366c0|>>,<<|author_key|e27405c7-1d7d-444c-b607-278f60888e9a|>>,Upgrade to maven-plugins version 25 to 26
12803929,MJAR-189,MJAR,2014-11-03T15:10:03+00:00,2014-11-03T15:48:00+00:00,2014-11-29T15:01:02+00:00,,Bug,Minor,<<|author_key|c5e9ac61-f7e1-426c-92fe-623b654963bd|>>,<<|author_displayName|d99e04af-7d07-4c05-b924-962a84ec68cc|>>,<<|author_key|c5e9ac61-f7e1-426c-92fe-623b654963bd|>>,Upgrade plexus-archiver dependency to v2.9
12803945,MJAR-188,MJAR,2014-10-29T23:40:50+00:00,2014-10-30T12:19:20+00:00,2014-10-30T16:05:17+00:00,,Bug,Major,<<|author_key|3533c191-9cac-42da-b66f-3993a6d057ab|>>,<<|author_displayName|e4afd23e-96ce-4957-8e48-4fa5789b14eb|>>,<<|author_key|0942a2ce-be6b-4e7c-b132-0f9020646596|>>,maven-jar-plugin is very slow on machines with slow Unix group lookups
12803949,MJAR-187,MJAR,2014-10-27T16:13:52+00:00,2014-11-01T10:34:01+00:00,2014-11-03T15:10:31+00:00,,Improvement,Minor,<<|author_key|e27405c7-1d7d-444c-b607-278f60888e9a|>>,<<|author_displayName|232af5fd-0424-470e-8149-7b2dcbe366c0|>>,<<|author_key|e27405c7-1d7d-444c-b607-278f60888e9a|>>,Upgrade maven-archiver to 2.6
12803940,MJAR-186,MJAR,2014-10-24T19:09:08+00:00,2014-10-24T19:10:10+00:00,2014-10-24T19:10:10+00:00,,Improvement,Minor,<<|author_key|e27405c7-1d7d-444c-b607-278f60888e9a|>>,<<|author_displayName|232af5fd-0424-470e-8149-7b2dcbe366c0|>>,<<|author_key|e27405c7-1d7d-444c-b607-278f60888e9a|>>,Upgrade maven-plugins-testing-harness from 1.2 to 1.3
12803936,MJAR-185,MJAR,2014-10-18T14:25:59+00:00,2014-10-18T14:26:53+00:00,2014-10-18T14:26:53+00:00,,Bug,Minor,<<|author_key|e27405c7-1d7d-444c-b607-278f60888e9a|>>,<<|author_displayName|232af5fd-0424-470e-8149-7b2dcbe366c0|>>,<<|author_key|e27405c7-1d7d-444c-b607-278f60888e9a|>>,Update version of plexus-archiver to 2.7.1
12803957,MJAR-184,MJAR,2014-10-13T01:27:01+00:00,2014-10-13T01:28:45+00:00,2014-10-13T01:28:45+00:00,,Improvement,Minor,<<|author_key|e27405c7-1d7d-444c-b607-278f60888e9a|>>,<<|author_displayName|232af5fd-0424-470e-8149-7b2dcbe366c0|>>,<<|author_key|e27405c7-1d7d-444c-b607-278f60888e9a|>>,Update version of plexus-archiver to 2.7
12803859,MJAR-183,MJAR,2014-10-02T15:58:23+00:00,2016-04-23T12:05:41+00:00,2019-05-26T10:23:01+00:00,,Improvement,Major,<<|author_key|e27405c7-1d7d-444c-b607-278f60888e9a|>>,<<|author_displayName|232af5fd-0424-470e-8149-7b2dcbe366c0|>>,<<|author_key|d80bd2a8-2821-4741-be7f-a3b5e8712132|>>,Add LifecycleMapping and ArtifactHandler from maven-core to target packaging plugin
12803817,MJAR-182,MJAR,2014-09-23T04:01:09+00:00,2014-09-23T04:02:06+00:00,2014-10-03T10:36:54+00:00,,Improvement,Minor,<<|author_key|3533c191-9cac-42da-b66f-3993a6d057ab|>>,<<|author_displayName|e4afd23e-96ce-4957-8e48-4fa5789b14eb|>>,<<|author_key|e27405c7-1d7d-444c-b607-278f60888e9a|>>,Update version of plexus-archiver to 2.6.3
12803818,MJAR-181,MJAR,2014-08-10T10:17:38+00:00,2014-08-10T10:19:29+00:00,2014-08-10T10:19:29+00:00,,Improvement,Minor,<<|author_key|e27405c7-1d7d-444c-b607-278f60888e9a|>>,<<|author_displayName|232af5fd-0424-470e-8149-7b2dcbe366c0|>>,<<|author_key|e27405c7-1d7d-444c-b607-278f60888e9a|>>,MavenProject/MavenSession Injection as a paremeter instead as a component.
12803941,MJAR-180,MJAR,2014-08-10T06:12:39+00:00,2014-08-10T06:19:28+00:00,2014-08-10T06:19:28+00:00,,Improvement,Minor,<<|author_key|e27405c7-1d7d-444c-b607-278f60888e9a|>>,<<|author_displayName|232af5fd-0424-470e-8149-7b2dcbe366c0|>>,<<|author_key|e27405c7-1d7d-444c-b607-278f60888e9a|>>,Upgrade to Maven 2.2.1 compatiblity
12803954,MJAR-179,MJAR,2014-06-30T10:01:58+00:00,2014-09-30T16:20:51+00:00,2014-09-30T16:23:15+00:00,,Bug,Blocker,<<|author_key|e27405c7-1d7d-444c-b607-278f60888e9a|>>,<<|author_displayName|232af5fd-0424-470e-8149-7b2dcbe366c0|>>,<<|author_key|f5613b97-b760-408f-8142-c1668d8e980a|>>,Adding empty files to jar failed with a ZipException : bad CRC checksum
12803939,MJAR-178,MJAR,2014-06-24T05:23:48+00:00,2014-06-24T05:40:36+00:00,2014-06-24T05:40:36+00:00,,Improvement,Minor,<<|author_key|e27405c7-1d7d-444c-b607-278f60888e9a|>>,<<|author_displayName|232af5fd-0424-470e-8149-7b2dcbe366c0|>>,<<|author_key|e27405c7-1d7d-444c-b607-278f60888e9a|>>,Change information on site
12803963,MJAR-177,MJAR,2014-05-26T03:39:55+00:00,2015-12-18T17:40:49+00:00,2015-12-18T18:13:31+00:00,,Bug,Major,<<|author_key|e27405c7-1d7d-444c-b607-278f60888e9a|>>,<<|author_displayName|232af5fd-0424-470e-8149-7b2dcbe366c0|>>,<<|author_key|36699bac-5da2-4a33-b0fa-ea5f0f529c0e|>>,Empty string should be treated as default classifier
12803849,MJAR-176,MJAR,2014-03-22T07:36:23+00:00,2014-06-16T12:15:36+00:00,2014-06-16T14:07:55+00:00,,Improvement,Major,<<|author_key|e27405c7-1d7d-444c-b607-278f60888e9a|>>,<<|author_displayName|232af5fd-0424-470e-8149-7b2dcbe366c0|>>,<<|author_key|d80bd2a8-2821-4741-be7f-a3b5e8712132|>>,Usage page should (only) describe default behavior 
12803946,MJAR-175,MJAR,2014-02-24T15:38:09+00:00,2014-02-24T15:45:09+00:00,2014-02-24T15:45:09+00:00,,Improvement,Minor,<<|author_key|e27405c7-1d7d-444c-b607-278f60888e9a|>>,<<|author_displayName|232af5fd-0424-470e-8149-7b2dcbe366c0|>>,<<|author_key|e27405c7-1d7d-444c-b607-278f60888e9a|>>,Documentation problem for test-jar
12803950,MJAR-174,MJAR,2014-02-04T15:38:27+00:00,2014-10-24T19:13:39+00:00,2014-10-24T19:13:39+00:00,sign,Bug,Major,<<|author_key|e27405c7-1d7d-444c-b607-278f60888e9a|>>,<<|author_displayName|232af5fd-0424-470e-8149-7b2dcbe366c0|>>,<<|author_key|3a332a07-db96-42ef-830b-aeb9641f813d|>>,NoClassDefFoundError while packaging using maven-jar-plugin:2.4 with Maven 3.1.1
12803947,MJAR-173,MJAR,2013-11-05T15:27:44+00:00,2013-11-12T02:10:40+00:00,2013-12-14T11:46:37+00:00,,Task,Major,<<|author_key|c5e9ac61-f7e1-426c-92fe-623b654963bd|>>,<<|author_displayName|d99e04af-7d07-4c05-b924-962a84ec68cc|>>,<<|author_key|c5e9ac61-f7e1-426c-92fe-623b654963bd|>>,Check correctness of declared deps
12803964,MJAR-172,MJAR,2013-11-05T04:17:39+00:00,2019-12-23T11:43:44+00:00,2019-12-23T11:43:49+00:00,,Improvement,Minor,,,<<|author_key|c5e9ac61-f7e1-426c-92fe-623b654963bd|>>,Manifest entries are in wrong (visual) order
12803860,MJAR-171,MJAR,2013-11-01T10:18:58+00:00,2013-11-01T10:40:58+00:00,2013-11-01T10:40:58+00:00,sign,Task,Major,<<|author_key|61cb0c7d-7acf-410b-9338-e4babbfffdf9|>>,<<|author_displayName|38e354c7-bf45-4219-b912-e701730e81fa|>>,<<|author_key|61cb0c7d-7acf-410b-9338-e4babbfffdf9|>>,Remove deprecated mojo jar-sign and jar-sign-verify
12803966,MJAR-170,MJAR,2013-09-17T00:37:48+00:00,2013-09-24T05:40:11+00:00,2015-04-05T14:43:52+00:00,,Improvement,Major,<<|author_key|33b47a55-4b79-49b1-b3c9-2e4f5d0847d0|>>,<<|author_displayName|63eecba0-bc17-47bd-8176-76eb0c456538|>>,<<|author_key|3ebbbd92-536c-4794-812e-23f9b839c8d4|>>,please add property 'maven.jar.classifier'
12803821,MJAR-169,MJAR,2013-08-12T07:33:50+00:00,2014-09-23T14:36:29+00:00,2014-09-23T14:36:29+00:00,,Bug,Major,<<|author_key|e27405c7-1d7d-444c-b607-278f60888e9a|>>,<<|author_displayName|232af5fd-0424-470e-8149-7b2dcbe366c0|>>,<<|author_key|7c1800fa-1e14-4bd2-8faa-c74af56b0a2a|>>,exclude settings don't seem to be taken into account
12803942,MJAR-168,MJAR,2013-07-09T14:54:16+00:00,2014-06-16T01:19:36+00:00,2014-06-16T01:19:36+00:00,,Improvement,Major,<<|author_key|e27405c7-1d7d-444c-b607-278f60888e9a|>>,<<|author_displayName|232af5fd-0424-470e-8149-7b2dcbe366c0|>>,<<|author_key|9f4c7171-cb9c-4314-9ecb-32bf8f6ebe1c|>>,Update to latest plexus-archiver
12803852,MJAR-167,MJAR,2013-06-14T07:12:06+00:00,2014-06-16T01:09:59+00:00,2014-06-16T01:10:00+00:00,,Bug,Trivial,<<|author_key|e27405c7-1d7d-444c-b607-278f60888e9a|>>,<<|author_displayName|232af5fd-0424-470e-8149-7b2dcbe366c0|>>,<<|author_key|421845cf-b706-439d-901b-39366b03434f|>>,skipIfEmpty outputs incorrect logging nessage
12803802,MJAR-166,MJAR,2013-06-13T06:37:58+00:00,2015-12-19T21:51:45+00:00,2015-12-19T21:51:52+00:00,,Improvement,Minor,<<|author_key|e27405c7-1d7d-444c-b607-278f60888e9a|>>,<<|author_displayName|232af5fd-0424-470e-8149-7b2dcbe366c0|>>,<<|author_key|a4c922fc-9aed-4d77-924e-080ce873b3a1|>>,Ability to add additional class directories to create jar
12803971,MJAR-165,MJAR,2013-06-04T12:47:47+00:00,2016-04-13T19:58:38+00:00,2016-04-13T19:58:38+00:00,,Bug,Minor,,,<<|author_key|70cfce72-3389-4c4d-8ab7-a2c26b224d90|>>,addMavenDescriptor action sometimes ends up with two copies of pom.xml and pom.properties
12803965,MJAR-164,MJAR,2011-11-25T03:08:10+00:00,2013-06-02T06:44:00+00:00,2013-06-02T06:44:00+00:00,,Bug,Blocker,<<|author_key|d80bd2a8-2821-4741-be7f-a3b5e8712132|>>,<<|author_displayName|ae118c62-13df-42b3-94d7-c1303a79c3fb|>>,<<|author_key|e239c4ed-f7c3-4ec1-9739-92db9dcb10ca|>>,Invalid shell bounce call command
12803943,MJAR-163,MJAR,2013-02-12T10:31:30+00:00,2019-04-03T20:27:55+00:00,2019-04-03T20:27:56+00:00,,Bug,Major,,,<<|author_key|471bd8b1-03f3-4912-89db-5bfc6dab522b|>>,maven jar plugin fails if bundle plugin defined in type 'pom'
12803862,MJAR-162,MJAR,2013-01-07T03:59:09+00:00,2013-02-08T09:07:26+00:00,2013-02-08T09:07:26+00:00,,Bug,Major,<<|author_key|33b47a55-4b79-49b1-b3c9-2e4f5d0847d0|>>,<<|author_displayName|63eecba0-bc17-47bd-8176-76eb0c456538|>>,<<|author_key|35a763f2-f48b-402b-855b-81bb166a1e7c|>>,skipIfEmpty not work for test-jar goal  and empty directories
12803938,MJAR-161,MJAR,2012-11-04T18:52:57+00:00,2014-09-23T14:32:47+00:00,2015-04-05T14:44:04+00:00,,Improvement,Minor,<<|author_key|e27405c7-1d7d-444c-b607-278f60888e9a|>>,<<|author_displayName|232af5fd-0424-470e-8149-7b2dcbe366c0|>>,<<|author_key|fa630e7f-6266-4421-a6ac-5f954e8b12d6|>>,Non default jars with classifier not attached to project
12803937,MJAR-159,MJAR,2012-08-20T08:31:12+00:00,2015-09-06T20:45:23+00:00,2015-09-06T20:45:23+00:00,,Improvement,Major,,,<<|author_key|10670192-f4c7-4c37-92bb-e0026f89cbb5|>>,JAR plugin must package again when POM is newer than JAR
12803847,MJAR-158,MJAR,2012-06-29T21:20:37+00:00,2012-07-01T08:13:38+00:00,2015-04-06T00:41:54+00:00,,Task,Major,<<|author_key|33b47a55-4b79-49b1-b3c9-2e4f5d0847d0|>>,<<|author_displayName|63eecba0-bc17-47bd-8176-76eb0c456538|>>,<<|author_key|61cb0c7d-7acf-410b-9338-e4babbfffdf9|>>,use maven-plugin-tools' java 5 annotations
12803922,MJAR-157,MJAR,2012-06-29T08:30:54+00:00,2012-06-29T08:36:26+00:00,2012-06-29T08:36:26+00:00,,Bug,Major,<<|author_key|934861fb-e52b-4455-b503-c63e7f8cb7c6|>>,<<|author_displayName|6f1cb8e8-8349-4278-973c-cd4975c1147d|>>,<<|author_key|934861fb-e52b-4455-b503-c63e7f8cb7c6|>>,forceUpdate documentation is insufficient
12803924,MJAR-156,MJAR,2012-06-21T10:53:19+00:00,2018-03-16T22:39:59+00:00,2020-10-02T15:26:59+00:00,,Bug,Major,,,<<|author_key|10670192-f4c7-4c37-92bb-e0026f89cbb5|>>,"Classpath created in manifest contains timestamp instead of  the suffix ""-SNAPSHOT"""
12803978,MJAR-155,MJAR,2012-06-13T16:30:10+00:00,2014-05-21T13:05:19+00:00,2014-05-21T13:05:19+00:00,,Improvement,Minor,,,<<|author_key|dfb97c52-58d3-49ff-b040-232f86fc4745|>>,provide property to override Built-By attribute in the manifest
12803928,MJAR-154,MJAR,2012-05-02T06:54:26+00:00,2012-05-02T14:35:52+00:00,2012-05-02T14:35:53+00:00,,Task,Minor,<<|author_key|33b47a55-4b79-49b1-b3c9-2e4f5d0847d0|>>,<<|author_displayName|63eecba0-bc17-47bd-8176-76eb0c456538|>>,<<|author_key|c5e9ac61-f7e1-426c-92fe-623b654963bd|>>,Clean apache-snapshots repo from IT settings.xml
12803952,MJAR-152,MJAR,2012-04-03T04:12:35+00:00,2015-09-06T20:45:08+00:00,2015-09-06T20:45:08+00:00,,Bug,Trivial,,,<<|author_key|2fdfe837-0822-4927-b5b5-837063925110|>>,"Regression : ""Invalid Header"" in jar's Manifest (Specification-Title attribute) when tab char in pom Description"
12803932,MJAR-151,MJAR,2012-02-15T09:30:40+00:00,2014-10-03T10:34:02+00:00,2014-10-03T10:34:02+00:00,,Bug,Blocker,<<|author_key|3533c191-9cac-42da-b66f-3993a6d057ab|>>,<<|author_displayName|e4afd23e-96ce-4957-8e48-4fa5789b14eb|>>,<<|author_key|88a63d29-ed24-49d7-a2f7-e94084e08359|>>,Error assembling JAR on OS X
12803925,MJAR-150,MJAR,2012-02-10T13:44:30+00:00,2015-09-06T20:44:56+00:00,2015-09-06T20:44:56+00:00,,New Feature,Major,,,<<|author_key|4424f7aa-d955-4b91-8ac8-642662d347a2|>>,filesonly
12803850,MJAR-149,MJAR,2012-01-20T11:31:29+00:00,2012-01-20T11:40:11+00:00,2012-01-20T11:40:11+00:00,,Improvement,Major,<<|author_key|33b47a55-4b79-49b1-b3c9-2e4f5d0847d0|>>,<<|author_displayName|63eecba0-bc17-47bd-8176-76eb0c456538|>>,<<|author_key|33b47a55-4b79-49b1-b3c9-2e4f5d0847d0|>>,Maven Jar Plugin requires JDK5
12803926,MJAR-148,MJAR,2012-01-20T03:09:48+00:00,2012-01-20T10:29:41+00:00,2015-04-06T01:49:59+00:00,,Improvement,Major,<<|author_key|33b47a55-4b79-49b1-b3c9-2e4f5d0847d0|>>,<<|author_displayName|63eecba0-bc17-47bd-8176-76eb0c456538|>>,<<|author_key|c5e9ac61-f7e1-426c-92fe-623b654963bd|>>,Add Maven version used to Created-By entry in manifest
12803948,MJAR-147,MJAR,2011-12-09T11:29:57+00:00,2015-12-19T22:13:46+00:00,2015-12-19T22:14:10+00:00,,Improvement,Minor,<<|author_key|e27405c7-1d7d-444c-b607-278f60888e9a|>>,<<|author_displayName|232af5fd-0424-470e-8149-7b2dcbe366c0|>>,<<|author_key|c8b7bf6b-03fd-4859-b38a-100b5d762b1a|>>,Classifier for test-jar is not dynamic
12803956,MJAR-146,MJAR,2011-11-11T13:55:49+00:00,2015-06-04T21:23:21+00:00,2015-06-04T21:23:21+00:00,,Improvement,Major,,,<<|author_key|f06f038b-92c9-4d9e-b00d-8e550eadde2a|>>,set the useDefaultManifestFile = true by default for a more convention over configuration approach to maven and manifests; letting folks just add a MANIFEST.MF and for it to be used by default without any user interaction/config change
12803933,MJAR-145,MJAR,2011-10-05T04:08:06+00:00,2011-10-27T14:53:01+00:00,2011-10-27T14:53:01+00:00,,New Feature,Major,<<|author_key|a2690faf-2cbf-4ddc-8c4c-ff5ba4ef204a|>>,<<|author_displayName|333a78f1-d2c9-4abd-a9b4-ec5504bfaff9|>>,<<|author_key|a2690faf-2cbf-4ddc-8c4c-ff5ba4ef204a|>>,Option to automatically seal all packages included in the jar
12803846,MJAR-144,MJAR,2011-06-09T04:54:12+00:00,2011-08-18T09:36:08+00:00,2011-08-18T09:36:08+00:00,,Bug,Major,,,<<|author_key|1129c963-e7b6-44a2-8901-273f84361957|>>,need to update dependency of maven-archiver to 2.5
12803934,MJAR-143,MJAR,2011-03-09T15:32:25+00:00,2012-06-29T08:38:45+00:00,2012-06-29T08:38:45+00:00,,New Feature,Major,<<|author_key|934861fb-e52b-4455-b503-c63e7f8cb7c6|>>,<<|author_displayName|6f1cb8e8-8349-4278-973c-cd4975c1147d|>>,<<|author_key|686f2d70-e00e-494e-b577-58f3c9f36411|>>,-validity parameter for the keytool arguments
12803977,MJAR-142,MJAR,2011-01-31T01:16:25+00:00,2015-02-03T15:31:50+00:00,2016-02-20T18:01:46+00:00,,Bug,Major,<<|author_key|e27405c7-1d7d-444c-b607-278f60888e9a|>>,<<|author_displayName|232af5fd-0424-470e-8149-7b2dcbe366c0|>>,<<|author_key|bd38cda5-5dda-47d6-8711-4641284bf0ed|>>,'Negative time' when trying to create an empty jar
12803930,MJAR-141,MJAR,2011-01-26T18:06:38+00:00,2011-01-27T15:26:30+00:00,2011-01-27T15:26:30+00:00,,Bug,Blocker,,,<<|author_key|030214ff-c566-43e9-a2a1-3059cdf88c02|>>,manifestEntry seems not to work correctly
12803823,MJAR-140,MJAR,2010-12-30T05:55:25+00:00,2011-08-18T09:37:23+00:00,2011-08-22T03:39:46+00:00,,Bug,Major,<<|author_key|3533c191-9cac-42da-b66f-3993a6d057ab|>>,<<|author_displayName|e4afd23e-96ce-4957-8e48-4fa5789b14eb|>>,<<|author_key|50a344fe-24ef-4bbf-b9cd-64ac5c75a2d0|>>,Performance degredation 
12803944,MJAR-139,MJAR,2010-10-17T04:52:11+00:00,2012-01-24T14:23:00+00:00,2012-02-16T17:50:52+00:00,,Improvement,Major,<<|author_key|3533c191-9cac-42da-b66f-3993a6d057ab|>>,<<|author_displayName|e4afd23e-96ce-4957-8e48-4fa5789b14eb|>>,<<|author_key|5277c1d4-9828-4dfc-b008-ea73fd3d8759|>>,New option to avoid empty jar creation
12803955,MJAR-138,MJAR,2010-09-03T18:41:43+00:00,,2021-05-26T16:26:25+00:00,,Improvement,Major,,,<<|author_key|04792ecf-e90c-4df5-9178-1f6543841323|>>,jar:test-jar is skipped when maven.test.skip=true
12803815,MJAR-137,MJAR,2010-05-17T15:20:39+00:00,2010-05-17T15:21:49+00:00,2015-04-06T01:16:04+00:00,,Bug,Critical,<<|author_key|3533c191-9cac-42da-b66f-3993a6d057ab|>>,<<|author_displayName|e4afd23e-96ce-4957-8e48-4fa5789b14eb|>>,<<|author_key|3533c191-9cac-42da-b66f-3993a6d057ab|>>,Avoid possible data corruption issues and deadlocks
12803801,MJAR-136,MJAR,2010-05-17T13:35:13+00:00,2010-05-17T15:15:32+00:00,2010-05-17T16:13:43+00:00,,Improvement,Major,<<|author_key|3533c191-9cac-42da-b66f-3993a6d057ab|>>,<<|author_displayName|e4afd23e-96ce-4957-8e48-4fa5789b14eb|>>,<<|author_key|3533c191-9cac-42da-b66f-3993a6d057ab|>>,Add @threadSafe support for maven3
12803967,MJAR-135,MJAR,2010-02-24T07:22:36+00:00,2015-03-03T07:41:12+00:00,2016-01-06T19:30:57+00:00,,Bug,Major,<<|author_key|3533c191-9cac-42da-b66f-3993a6d057ab|>>,<<|author_displayName|e4afd23e-96ce-4957-8e48-4fa5789b14eb|>>,<<|author_key|c0a743b6-805a-4627-b00b-a3a493401b46|>>,encoding problem with folder-names
12803918,MJAR-134,MJAR,2010-02-11T19:37:14+00:00,2015-12-19T21:53:38+00:00,2015-12-19T21:53:38+00:00,,New Feature,Major,<<|author_key|e27405c7-1d7d-444c-b607-278f60888e9a|>>,<<|author_displayName|232af5fd-0424-470e-8149-7b2dcbe366c0|>>,<<|author_key|84ae87a4-7fa4-4cae-8ae9-42c36f4be449|>>,Provide the ability to generate multiple jar files rather than one huge jar file.
12803927,MJAR-133,MJAR,2010-01-08T10:53:22+00:00,2014-11-25T14:48:55+00:00,2014-11-25T14:48:55+00:00,sign,Bug,Minor,,,<<|author_key|e62aded8-3d9b-436a-a504-c76278c203b3|>>,exclude maven descriptor option don't work with sign goal
12803808,MJAR-132,MJAR,2009-11-14T16:58:39+00:00,2014-11-25T14:48:10+00:00,2014-11-25T14:48:10+00:00,,Bug,Major,,,<<|author_key|213f409a-8b72-493a-8168-07a97f302e7a|>>,Test jar is generated on mvn install or deploy when the type of artifact is pom (and herited by a parent pom)
12803919,MJAR-131,MJAR,2009-10-27T18:18:37+00:00,2009-10-28T13:39:34+00:00,2009-10-28T13:39:34+00:00,,Bug,Major,,,<<|author_key|db7d31ef-8b72-4048-baf3-e1cf70ee1a12|>>,Access denied on classes directory when setting manifest
12803912,MJAR-130,MJAR,2009-10-13T08:45:31+00:00,2009-10-28T13:42:02+00:00,2009-10-28T13:42:02+00:00,,Bug,Major,,,<<|author_key|041889c4-9b03-45e1-99a8-5323760195e9|>>,Sign goal fails on projects with maven-plugin packaging
12803820,MJAR-129,MJAR,2009-10-13T05:24:13+00:00,2014-11-25T14:30:28+00:00,2014-11-25T14:30:28+00:00,,Bug,Major,,,<<|author_key|639aef6e-4bdb-4f4a-9979-1519b5cc538a|>>,Already build test-jar for project which packaging is not jar
12803810,MJAR-128,MJAR,2009-09-23T11:00:46+00:00,2015-09-06T20:44:00+00:00,2015-09-06T20:44:00+00:00,,New Feature,Major,,,<<|author_key|58ed3551-c016-4aef-ab0c-029fc16b91d3|>>,Add support for updating jar
12803921,MJAR-127,MJAR,2009-08-09T06:51:56+00:00,2009-08-09T07:06:11+00:00,2009-11-21T07:34:24+00:00,sign,Task,Major,<<|author_key|f273e39e-f00a-4703-a06c-85c72394c026|>>,<<|author_displayName|1ece65dc-1d82-4ae5-9911-b97bed89c6a2|>>,<<|author_key|f273e39e-f00a-4703-a06c-85c72394c026|>>,Deprecate jarsigner related goals in favor of dedicated maven-jarsigner-plugin
12803962,MJAR-126,MJAR,2009-08-07T01:44:52+00:00,2009-08-09T03:16:53+00:00,2015-04-07T19:22:14+00:00,,Bug,Major,,,<<|author_key|faf83e4b-feca-4095-af41-d399afe74e45|>>,Test Jar should not include src/main/* contents
12803841,MJAR-121,MJAR,2009-07-21T04:13:22+00:00,2009-07-21T07:11:24+00:00,2009-07-21T07:11:24+00:00,,Bug,Major,,,<<|author_key|09479210-b4ad-4ad1-9fbd-049a6bbe2d16|>>,blank space and new line in manifest classpath
12803853,MJAR-120,MJAR,2009-07-03T02:46:05+00:00,2009-07-03T10:39:22+00:00,2009-07-03T11:59:28+00:00,,Bug,Major,<<|author_key|f273e39e-f00a-4703-a06c-85c72394c026|>>,<<|author_displayName|1ece65dc-1d82-4ae5-9911-b97bed89c6a2|>>,<<|author_key|00e527f3-66cc-4cb0-8b73-20ca500517a3|>>,mvn deploy inserts target directory during jar build when using a resources section
12803811,MJAR-119,MJAR,2009-06-11T03:06:49+00:00,2009-06-12T11:01:51+00:00,2009-06-12T11:01:51+00:00,,Improvement,Major,,,<<|author_key|8775cd79-d0f2-4e0b-a0d2-3ce78a8fe80e|>>,Ugradation to support Maven Archiver 2.4
12803908,MJAR-118,MJAR,2009-04-27T04:06:49+00:00,2009-08-25T11:17:10+00:00,2009-10-28T13:05:27+00:00,,Bug,Major,<<|author_key|f273e39e-f00a-4703-a06c-85c72394c026|>>,<<|author_displayName|1ece65dc-1d82-4ae5-9911-b97bed89c6a2|>>,<<|author_key|c9406914-471e-43f8-b1ea-54a2aa2925b3|>>,Upgrade maven-archiver dependency to 2.4
12803814,MJAR-117,MJAR,2009-04-08T07:33:15+00:00,2015-09-06T20:43:58+00:00,2015-09-06T20:43:58+00:00,,Improvement,Major,,,<<|author_key|ae79cf6f-76d1-4418-9507-50e6ce15f87f|>>,addClasspath should choosing scope
12803917,MJAR-116,MJAR,2009-03-24T07:59:42+00:00,2009-08-09T06:32:38+00:00,2015-04-05T14:43:51+00:00,sign,Improvement,Major,<<|author_key|f273e39e-f00a-4703-a06c-85c72394c026|>>,<<|author_displayName|1ece65dc-1d82-4ae5-9911-b97bed89c6a2|>>,<<|author_key|2615981a-1a81-446b-a16f-a04a21ba5aee|>>,Allow signing of already signed jars
12803920,MJAR-115,MJAR,2009-02-04T23:05:37+00:00,2009-08-09T06:30:37+00:00,2015-04-05T14:44:14+00:00,sign,Improvement,Minor,<<|author_key|f273e39e-f00a-4703-a06c-85c72394c026|>>,<<|author_displayName|1ece65dc-1d82-4ae5-9911-b97bed89c6a2|>>,<<|author_key|31210aa3-611d-4bb5-80f3-6c44cb3c6d33|>>,Provide Access to Undocumented Jarsigner -J Option for Increasing Heap
12803970,MJAR-114,MJAR,2009-02-03T06:41:13+00:00,2009-02-03T08:19:29+00:00,2009-02-03T08:19:29+00:00,,Bug,Minor,<<|author_key|f273e39e-f00a-4703-a06c-85c72394c026|>>,<<|author_displayName|1ece65dc-1d82-4ae5-9911-b97bed89c6a2|>>,<<|author_key|f4b1609d-55ab-4ccf-b7e9-ee9c9a58c89e|>>,"For a pom packaging project, the jar created is empty (even using <includes>)."
12803911,MJAR-113,MJAR,2008-12-20T05:35:03+00:00,2015-09-06T20:44:31+00:00,2015-09-06T20:44:31+00:00,,Improvement,Major,,,<<|author_key|be900c3b-c8e4-494e-90f7-60f123d2ddd7|>>,output a message at info level if the JAR is not being created because it is up to date
12803806,MJAR-112,MJAR,2008-11-24T07:02:45+00:00,2009-08-09T06:23:48+00:00,2009-08-09T06:23:48+00:00,sign,New Feature,Critical,<<|author_key|f273e39e-f00a-4703-a06c-85c72394c026|>>,<<|author_displayName|1ece65dc-1d82-4ae5-9911-b97bed89c6a2|>>,<<|author_key|b82bad6f-3f32-4b53-8ae5-cd11fe6fd138|>>,Sign using a PKCS11 token
12803835,MJAR-111,MJAR,2008-09-18T03:33:11+00:00,2009-10-28T13:18:57+00:00,2009-10-28T13:18:57+00:00,,Bug,Critical,,,<<|author_key|c8622980-2c81-48cc-8f76-579f66afe184|>>,Index creation fails when classpath is set in manifest
12803914,MJAR-110,MJAR,2008-08-27T05:39:41+00:00,2014-11-25T14:29:41+00:00,2014-11-25T14:29:41+00:00,,Bug,Major,,,<<|author_key|99a4c559-ad19-4fc5-8427-e57572ee4d1b|>>,excludes are igonred (as in not excluded) if the jar already exist
12803907,MJAR-108,MJAR,2008-06-05T09:35:12+00:00,2009-10-28T13:18:25+00:00,2009-10-28T13:18:25+00:00,,Bug,Major,,,<<|author_key|b1f41e94-c31c-4919-9c3d-8d867cb154e2|>>,Using parameter index=true in archiver creates a build error : Embedded error: Problem creating jar: ....myJar\target\classes (Accès refusé)
12803889,MJAR-107,MJAR,2008-05-25T20:38:19+00:00,2015-07-14T06:49:57+00:00,2015-07-14T06:50:04+00:00,,Wish,Blocker,,,<<|author_key|c8ae11db-539e-4411-9773-1d60e676dd95|>>,[PATCH] Need the ability to include/exclude files based on output from other mojos.
12803915,MJAR-106,MJAR,2008-04-22T05:03:32+00:00,2014-11-25T14:30:13+00:00,2014-11-25T14:30:13+00:00,,Bug,Major,,,<<|author_key|410001c1-0992-4cf0-8f4f-6e2006eb73fc|>>,Excludes do not work as described on the Usage page
12803819,MJAR-105,MJAR,2008-04-16T01:50:22+00:00,2009-10-28T14:42:22+00:00,2015-04-08T08:03:24+00:00,,Bug,Major,<<|author_key|e32fa2ea-fdd7-448a-856d-476c4338d9c2|>>,<<|author_displayName|3c6a0c73-f836-4be5-b9c4-71f81fd75340|>>,<<|author_key|75dd7fc5-4bc2-4762-9e36-59f0aa4bdb26|>>,Regression: Build fails for an empty main jar with 2.2
12803909,MJAR-104,MJAR,2008-03-31T02:59:02+00:00,2009-08-09T06:28:58+00:00,2009-08-09T06:28:58+00:00,sign,Bug,Major,<<|author_key|f273e39e-f00a-4703-a06c-85c72394c026|>>,<<|author_displayName|1ece65dc-1d82-4ae5-9911-b97bed89c6a2|>>,<<|author_key|613285d3-5e88-41b2-b319-6f0ef00d733d|>>,Jarsigner is not search on the right location for AIX and JAVA 1.5
12803884,MJAR-103,MJAR,2008-03-20T18:19:53+00:00,2015-09-19T18:04:31+00:00,2015-12-29T00:27:53+00:00,,New Feature,Major,,,<<|author_key|c7863441-9fe3-454e-ae32-9cf61fbf24b7|>>,Adding License and/or Notice into META-INF folder
12803822,MJAR-101,MJAR,2008-03-11T10:07:43+00:00,2008-04-23T04:23:27+00:00,2015-01-31T14:24:04+00:00,,Bug,Major,,,<<|author_key|82ac9595-1ced-4c92-9b31-230dc66946fa|>>,excluding files from jar doesn't work completely well
12803827,MJAR-100,MJAR,2008-03-05T06:36:36+00:00,2014-11-25T14:29:51+00:00,2014-11-25T14:29:51+00:00,,Bug,Major,,,<<|author_key|be27278b-d0e9-4b9a-b8e0-04b1cbc9d64e|>>,Release preparation fails because jar plugin skips packaging of test jar
12803976,MJAR-99,MJAR,2008-02-26T03:06:03+00:00,2009-08-09T06:27:06+00:00,2009-08-09T06:27:06+00:00,sign,Bug,Major,<<|author_key|f273e39e-f00a-4703-a06c-85c72394c026|>>,<<|author_displayName|1ece65dc-1d82-4ae5-9911-b97bed89c6a2|>>,<<|author_key|e6f303f1-4393-4b8c-9221-de81e797d2a8|>>,Unsigned jar is installed instead of signed jar when the signature wasn't updated
12803879,MJAR-98,MJAR,2008-01-31T06:14:29+00:00,2008-02-01T02:57:41+00:00,2008-02-01T03:13:56+00:00,,Bug,Major,,,<<|author_key|6eeb4a5f-ed47-4ab0-a4a9-dd5ef42bf230|>>,The JAR-plugin cannot bundle binary (pdf) file
12803973,MJAR-97,MJAR,2008-01-23T07:29:17+00:00,2009-10-28T13:18:09+00:00,2009-10-28T13:18:09+00:00,,Bug,Major,,,<<|author_key|527d37fd-6611-4f19-9caf-dd599049d34b|>>,Using <addClasspath> when you have no dependencies fails with FileNotFoundException
12803834,MJAR-96,MJAR,2008-01-18T09:59:05+00:00,2017-12-22T18:56:51+00:00,2017-12-22T18:56:51+00:00,,Bug,Minor,,,<<|author_key|f083cb23-8a28-40c2-8f6d-b004104e8897|>>,Manifest file contains line breaks if project description tag of pom.xml is not on single line
12803923,MJAR-92,MJAR,2007-12-17T02:20:17+00:00,2007-12-19T12:22:59+00:00,2007-12-19T12:22:59+00:00,,Task,Blocker,<<|author_key|33b47a55-4b79-49b1-b3c9-2e4f5d0847d0|>>,<<|author_displayName|63eecba0-bc17-47bd-8176-76eb0c456538|>>,<<|author_key|33b47a55-4b79-49b1-b3c9-2e4f5d0847d0|>>,release plexus-utils 1.4.9
12803883,MJAR-91,MJAR,2007-12-15T18:15:51+00:00,2008-01-07T14:18:34+00:00,2008-01-07T14:18:34+00:00,,Task,Major,<<|author_key|33b47a55-4b79-49b1-b3c9-2e4f5d0847d0|>>,<<|author_displayName|63eecba0-bc17-47bd-8176-76eb0c456538|>>,<<|author_key|33b47a55-4b79-49b1-b3c9-2e4f5d0847d0|>>,release maven-archiver
12803901,MJAR-90,MJAR,2007-12-15T10:53:52+00:00,2007-12-15T11:27:42+00:00,2010-09-04T06:10:30+00:00,,Bug,Trivial,<<|author_key|6430a1a4-6038-4e09-8d49-a704195a65ac|>>,<<|author_displayName|cdafbac9-188d-4adb-a6d3-a9c38427fbaa|>>,<<|author_key|6430a1a4-6038-4e09-8d49-a704195a65ac|>>,"when maven.test.Skip is set, the test-jar artifact is empty"
12803848,MJAR-89,MJAR,2007-12-08T14:18:55+00:00,2007-12-21T15:28:50+00:00,2007-12-21T15:28:50+00:00,,Task,Blocker,<<|author_key|33b47a55-4b79-49b1-b3c9-2e4f5d0847d0|>>,<<|author_displayName|63eecba0-bc17-47bd-8176-76eb0c456538|>>,<<|author_key|33b47a55-4b79-49b1-b3c9-2e4f5d0847d0|>>,release maven-invoker-plugin
12803844,MJAR-88,MJAR,2007-12-07T10:11:41+00:00,2007-12-07T17:04:19+00:00,2007-12-07T17:04:19+00:00,,Bug,Major,<<|author_key|33b47a55-4b79-49b1-b3c9-2e4f5d0847d0|>>,<<|author_displayName|63eecba0-bc17-47bd-8176-76eb0c456538|>>,<<|author_key|33b47a55-4b79-49b1-b3c9-2e4f5d0847d0|>>,use maven-invoker-plugin instead of maven-embedder for it tests
12803845,MJAR-87,MJAR,2007-10-19T03:13:57+00:00,2009-08-09T06:25:45+00:00,2009-08-09T06:25:45+00:00,,Bug,Major,<<|author_key|f273e39e-f00a-4703-a06c-85c72394c026|>>,<<|author_displayName|1ece65dc-1d82-4ae5-9911-b97bed89c6a2|>>,<<|author_key|48681700-e559-43bb-8a92-65061d53b843|>>,Jar verification fails with japanese loacle
12803916,MJAR-86,MJAR,2007-10-18T17:33:48+00:00,2007-12-19T18:18:35+00:00,2015-01-31T14:24:04+00:00,sign,New Feature,Major,<<|author_key|33b47a55-4b79-49b1-b3c9-2e4f5d0847d0|>>,<<|author_displayName|63eecba0-bc17-47bd-8176-76eb0c456538|>>,<<|author_key|10695f5b-9f7d-481d-8066-9d896e1c8e12|>>,Jarsigner option 'storetype' not supported by the plugin
12803843,MJAR-85,MJAR,2007-10-09T16:52:34+00:00,2014-10-31T13:25:16+00:00,2014-10-31T13:25:16+00:00,,Improvement,Major,,,<<|author_key|2a4bdeae-b174-4c0e-96c1-23d2ad222940|>>,I want to be able to specify dynamic data for manifestEntries
12803902,MJAR-84,MJAR,2007-10-02T23:51:56+00:00,2007-12-06T16:48:44+00:00,2008-01-01T16:54:11+00:00,sign,New Feature,Blocker,<<|author_key|33b47a55-4b79-49b1-b3c9-2e4f5d0847d0|>>,<<|author_displayName|63eecba0-bc17-47bd-8176-76eb0c456538|>>,<<|author_key|9c2bcb82-d655-4806-a98b-d54d2825078a|>>,Need ability to not attach a jar when not signing in place
12803825,MJAR-83,MJAR,2007-09-03T19:57:23+00:00,2007-10-13T08:03:41+00:00,2007-10-16T20:06:26+00:00,,Bug,Major,<<|author_key|a4b3636f-9ac2-422a-b5c0-430c54491b63|>>,<<|author_displayName|ba8e6723-a5da-45f8-a84a-e84cf769c415|>>,<<|author_key|f19ea560-e6b5-433e-a931-aeed74f4af09|>>,addClasspath is not respected for runtime dependencies
12803953,MJAR-82,MJAR,2007-08-27T09:33:44+00:00,2008-01-02T16:50:40+00:00,2015-04-06T01:16:04+00:00,,Improvement,Major,<<|author_key|33b47a55-4b79-49b1-b3c9-2e4f5d0847d0|>>,<<|author_displayName|63eecba0-bc17-47bd-8176-76eb0c456538|>>,<<|author_key|a9150665-46d1-45a7-8219-c2718ab6768b|>>,Class-Path manifest entry should support maven repository layout
12803913,MJAR-80,MJAR,2007-08-13T14:21:16+00:00,2007-10-13T08:44:28+00:00,2016-01-06T20:28:42+00:00,,Bug,Critical,,,<<|author_key|6e60689a-b295-4f74-b07c-91e6ebc31e0a|>>,excludes is not working for maven-jar-plugin
12803899,MJAR-79,MJAR,2007-08-12T05:31:57+00:00,2007-12-28T18:28:08+00:00,2008-07-16T23:20:33+00:00,,Bug,Minor,<<|author_key|33b47a55-4b79-49b1-b3c9-2e4f5d0847d0|>>,<<|author_displayName|63eecba0-bc17-47bd-8176-76eb0c456538|>>,<<|author_key|dce5942a-4f9e-407f-b2d4-caf3258a5c3f|>>,META-INF/persistence.xml excluded from artifact when index=true
12803903,MJAR-78,MJAR,2007-08-06T06:03:15+00:00,2007-12-06T16:38:37+00:00,2007-12-06T16:38:37+00:00,sign,Bug,Minor,<<|author_key|33b47a55-4b79-49b1-b3c9-2e4f5d0847d0|>>,<<|author_displayName|63eecba0-bc17-47bd-8176-76eb0c456538|>>,<<|author_key|ef2f694e-6353-40e1-a907-985e93b3abfc|>>,jar:sign skip option does not work
12803881,MJAR-77,MJAR,2007-08-05T02:53:30+00:00,2007-08-05T12:27:20+00:00,2015-04-08T08:03:11+00:00,,Bug,Trivial,<<|author_key|e32fa2ea-fdd7-448a-856d-476c4338d9c2|>>,<<|author_displayName|3c6a0c73-f836-4be5-b9c4-71f81fd75340|>>,<<|author_key|09401220-6f8f-42f1-a651-6928de2733c7|>>,Link to MavenArchiveConfiguration javadoc is broken
12803894,MJAR-76,MJAR,2006-09-28T09:04:53+00:00,2015-09-06T20:44:40+00:00,2015-09-06T20:44:40+00:00,,Improvement,Major,,,<<|author_key|47e29983-b654-4ca1-81f6-3b2cf828b3cb|>>,Let META-INF/maven/../pom.properties|pom.xml be generated in generate-resources
12803961,MJAR-75,MJAR,2007-06-07T18:02:38+00:00,2007-08-14T15:08:14+00:00,2015-04-06T00:52:40+00:00,,Bug,Critical,<<|author_key|b1e009e7-ab1c-4576-9897-ab3082bbd617|>>,<<|author_displayName|96c80865-57a9-4aa4-9ce0-87b7a58c45aa|>>,<<|author_key|2a5563e1-b45a-40c0-a288-5606825dcc4b|>>,[PATCH] Wrong artifact type attached to the project by the test-jar goal 
12803809,MJAR-74,MJAR,2007-05-15T15:46:19+00:00,2007-12-15T18:12:32+00:00,2015-04-06T01:16:03+00:00,,Improvement,Major,<<|author_key|33b47a55-4b79-49b1-b3c9-2e4f5d0847d0|>>,<<|author_displayName|63eecba0-bc17-47bd-8176-76eb0c456538|>>,<<|author_key|94f5bfb0-2814-419f-93a4-f1316086b78d|>>,Upgrade maven-archiver dependency to 2.3-SNAPSHOT
12803851,MJAR-73,MJAR,2007-05-12T02:54:53+00:00,2007-12-19T18:04:24+00:00,2007-12-22T02:58:38+00:00,,Bug,Major,<<|author_key|33b47a55-4b79-49b1-b3c9-2e4f5d0847d0|>>,<<|author_displayName|63eecba0-bc17-47bd-8176-76eb0c456538|>>,<<|author_key|513a34d4-1d41-4703-ae24-b5c9e930dbd2|>>,"""mvn package"" creates both lowercase ""meta-inf"" as well as uppercase ""META-INF"" directories"
12803803,MJAR-72,MJAR,2007-05-12T01:59:22+00:00,2007-12-14T15:38:04+00:00,2007-12-14T15:38:04+00:00,,New Feature,Major,<<|author_key|33b47a55-4b79-49b1-b3c9-2e4f5d0847d0|>>,<<|author_displayName|63eecba0-bc17-47bd-8176-76eb0c456538|>>,<<|author_key|d508ce4e-f2b6-4b7a-b60d-2fe75341f564|>>,Option to include source within the jar artifact
12803906,MJAR-71,MJAR,2007-04-27T13:44:34+00:00,2007-12-10T17:33:10+00:00,2007-12-12T11:50:42+00:00,,Improvement,Major,<<|author_key|33b47a55-4b79-49b1-b3c9-2e4f5d0847d0|>>,<<|author_displayName|63eecba0-bc17-47bd-8176-76eb0c456538|>>,<<|author_key|c4a601cc-7e31-449a-af6a-0a622275858c|>>,use manifest in classesdir/META-INF if exists
12803880,MJAR-70,MJAR,2007-04-05T00:46:11+00:00,2007-12-17T14:49:23+00:00,2007-12-20T18:28:31+00:00,,Improvement,Major,<<|author_key|33b47a55-4b79-49b1-b3c9-2e4f5d0847d0|>>,<<|author_displayName|63eecba0-bc17-47bd-8176-76eb0c456538|>>,<<|author_key|ef4de6e8-36da-4847-b0a5-7693dcd16f09|>>,Ability to skip jar recreation if any of resources are older than existing jar
12803842,MJAR-69,MJAR,2007-03-26T10:33:19+00:00,2012-01-24T14:30:01+00:00,2012-01-24T14:30:02+00:00,,Bug,Major,<<|author_key|3533c191-9cac-42da-b66f-3993a6d057ab|>>,<<|author_displayName|e4afd23e-96ce-4957-8e48-4fa5789b14eb|>>,<<|author_key|6b55cb0c-0488-45ad-a32b-0273ca9ca33a|>>,"When 'index' and 'addClasspath' are both true, plugin fails."
12803897,MJAR-68,MJAR,2007-03-12T14:52:23+00:00,2014-11-25T14:47:51+00:00,2014-11-25T14:47:51+00:00,,Bug,Major,,,<<|author_key|c072fdb5-10d4-46dd-b1b0-85aaebd4c380|>>,multi module release fails because of test-jar
12803824,MJAR-67,MJAR,2007-02-22T16:37:11+00:00,2009-08-09T16:50:43+00:00,2009-08-09T16:50:43+00:00,sign,Bug,Major,<<|author_key|f273e39e-f00a-4703-a06c-85c72394c026|>>,<<|author_displayName|1ece65dc-1d82-4ae5-9911-b97bed89c6a2|>>,<<|author_key|ca1ba561-2f84-41b6-b041-94d1b642f557|>>,jar:sign - Jars containing invalid remains of older signatures won't get signed
12803904,MJAR-65,MJAR,2007-01-05T08:32:59+00:00,2007-12-07T12:52:22+00:00,2007-12-07T12:52:22+00:00,,Bug,Blocker,,,<<|author_key|553aaa32-d1ad-456b-9e35-23d04accf817|>>,Mismatch with dependency name when using goal test-jar
12803905,MJAR-64,MJAR,2006-12-14T08:27:55+00:00,2007-12-21T15:40:49+00:00,2015-04-05T14:29:35+00:00,,Improvement,Major,<<|author_key|33b47a55-4b79-49b1-b3c9-2e4f5d0847d0|>>,<<|author_displayName|63eecba0-bc17-47bd-8176-76eb0c456538|>>,<<|author_key|17395fec-8b25-4015-9db2-28147b27d8b4|>>,jar:jar ignores command line argument -DfinalName=xxx
12803898,MJAR-63,MJAR,2006-11-19T04:21:00+00:00,2014-11-25T14:29:49+00:00,2014-11-25T14:29:49+00:00,,Bug,Major,,,<<|author_key|527d37fd-6611-4f19-9caf-dd599049d34b|>>,Option jarPath does not work
12803896,MJAR-62,MJAR,2006-11-06T05:26:45+00:00,,2019-12-18T12:00:51+00:00,,Bug,Major,,,<<|author_key|12937d6d-8899-4b66-8eb3-11afa962670c|>>,Build-Jdk in Manifest.mf does not reflect which compiler version actually compiled the classes in the jar
12803959,MJAR-61,MJAR,2006-10-25T12:37:19+00:00,2015-06-04T21:22:45+00:00,2015-06-04T21:22:45+00:00,,Bug,Major,,,<<|author_key|87c3ed49-4111-47d8-b0fe-854a0aee1b11|>>,"Manifest classpath ignores the ""real"" JAR filenames specified in <finalName>"
12803974,MJAR-60,MJAR,2006-10-19T13:17:08+00:00,2007-12-07T17:54:04+00:00,2015-01-31T14:24:04+00:00,,Bug,Major,<<|author_key|33b47a55-4b79-49b1-b3c9-2e4f5d0847d0|>>,<<|author_displayName|63eecba0-bc17-47bd-8176-76eb0c456538|>>,<<|author_key|d1e84037-4e7b-4fc8-bc6b-fd727f99054c|>>,Adding directories to manifest classpath entry is not possible
12803892,MJAR-59,MJAR,2006-10-02T06:29:15+00:00,2007-12-30T17:39:39+00:00,2015-04-06T01:16:02+00:00,,Bug,Minor,<<|author_key|33b47a55-4b79-49b1-b3c9-2e4f5d0847d0|>>,<<|author_displayName|63eecba0-bc17-47bd-8176-76eb0c456538|>>,<<|author_key|0b842d86-301f-43e5-ada1-c68279cc9463|>>,Impossible to create empty entries in MANIFEST
12803960,MJAR-58,MJAR,2006-09-17T19:15:29+00:00,2008-01-07T06:17:29+00:00,2015-04-06T01:16:04+00:00,,Improvement,Minor,<<|author_key|33b47a55-4b79-49b1-b3c9-2e4f5d0847d0|>>,<<|author_displayName|63eecba0-bc17-47bd-8176-76eb0c456538|>>,<<|author_key|b8da731d-315c-4e3b-8d14-9853779f1aeb|>>,Update Jar Plugin Documentation (more examples for manifest customization)
12803831,MJAR-57,MJAR,2006-09-04T11:01:28+00:00,2007-12-19T22:16:41+00:00,2015-04-08T08:02:56+00:00,,Bug,Major,<<|author_key|e32fa2ea-fdd7-448a-856d-476c4338d9c2|>>,<<|author_displayName|3c6a0c73-f836-4be5-b9c4-71f81fd75340|>>,<<|author_key|085b691f-184a-4b2e-af42-9666a9a39a48|>>,Specification and Implementation details missing from manifest
12803877,MJAR-56,MJAR,2006-08-29T06:52:36+00:00,2007-05-16T04:42:58+00:00,2007-05-16T04:42:58+00:00,,Task,Minor,,,<<|author_key|74ef7c10-7c70-4601-b5ad-5ee0ca304cd9|>>,maven-jar-plugin: Update site documentation from sources
12803826,MJAR-55,MJAR,2006-08-02T07:16:17+00:00,2006-08-02T16:33:42+00:00,2016-01-06T20:28:42+00:00,,Improvement,Minor,<<|author_key|be900c3b-c8e4-494e-90f7-60f123d2ddd7|>>,<<|author_displayName|f59cc5ae-f43f-44db-88ae-dce91db56bf3|>>,<<|author_key|4c89180d-af2b-4926-819b-db0f6195b986|>>,possibility to add arbitrary elements to the manifest classpath
12803891,MJAR-54,MJAR,2006-07-25T06:47:45+00:00,2006-07-25T07:01:36+00:00,2016-01-06T20:28:43+00:00,,Bug,Major,,,<<|author_key|c9db3fc4-6c29-4313-9bdc-5a9033b250ef|>>,Update dependency on maven-archiver past 2.0
12803840,MJAR-53,MJAR,2006-07-25T04:32:41+00:00,2007-12-12T11:48:26+00:00,2015-04-08T08:02:30+00:00,,Bug,Blocker,<<|author_key|e32fa2ea-fdd7-448a-856d-476c4338d9c2|>>,<<|author_displayName|3c6a0c73-f836-4be5-b9c4-71f81fd75340|>>,<<|author_key|6d459f9f-0ad2-4d6e-b217-5c3b3d9a6ed2|>>,"In pom with packaging ""war"" the generated jar will be installed in repo instead of the war"
12803910,MJAR-52,MJAR,2006-07-17T14:20:09+00:00,2006-07-17T20:44:11+00:00,2006-08-22T07:51:36+00:00,,Improvement,Major,,,<<|author_key|cb47e4e3-9a36-45eb-9c2d-385044be261e|>>,Make it option to include META-INF directory with pom.xml and pom.properties
12803900,MJAR-51,MJAR,2006-07-16T07:42:02+00:00,2008-01-01T16:55:37+00:00,2016-01-06T20:28:42+00:00,sign,Improvement,Major,<<|author_key|33b47a55-4b79-49b1-b3c9-2e4f5d0847d0|>>,<<|author_displayName|63eecba0-bc17-47bd-8176-76eb0c456538|>>,<<|author_key|2bb6d753-c9bc-4ad7-befa-4e5a28d50d91|>>,"handle signing jars which are not project artifacts and not ""in place"" signing"
12803832,MJAR-50,MJAR,2006-07-07T10:35:45+00:00,2008-01-01T17:46:12+00:00,2008-01-01T17:46:12+00:00,,Bug,Trivial,<<|author_key|33b47a55-4b79-49b1-b3c9-2e4f5d0847d0|>>,<<|author_displayName|63eecba0-bc17-47bd-8176-76eb0c456538|>>,<<|author_key|ecefc9a7-9ed5-401c-8ed4-ff8dd5cf85b5|>>,"""Invalid Header"" in jar's Manifest (Specification-Title attribute) when tab char in pom Description"
12803975,MJAR-49,MJAR,2006-07-06T08:47:53+00:00,2007-12-11T07:38:04+00:00,2007-12-11T07:38:04+00:00,sign,Bug,Major,<<|author_key|33b47a55-4b79-49b1-b3c9-2e4f5d0847d0|>>,<<|author_displayName|63eecba0-bc17-47bd-8176-76eb0c456538|>>,<<|author_key|2f31e5ec-377b-4eaf-a92e-cb2b2af5a931|>>,Jarsigner fails on windows due to spaces in pathnames
12803804,MJAR-48,MJAR,2006-07-04T19:42:33+00:00,2006-07-17T17:51:31+00:00,2015-04-08T08:03:02+00:00,,Task,Major,<<|author_key|e32fa2ea-fdd7-448a-856d-476c4338d9c2|>>,<<|author_displayName|3c6a0c73-f836-4be5-b9c4-71f81fd75340|>>,<<|author_key|e32fa2ea-fdd7-448a-856d-476c4338d9c2|>>,Review plugin documentation
12803872,MJAR-47,MJAR,2006-07-04T13:29:45+00:00,2006-07-11T17:53:03+00:00,2015-04-08T08:02:35+00:00,,Improvement,Major,<<|author_key|e32fa2ea-fdd7-448a-856d-476c4338d9c2|>>,<<|author_displayName|3c6a0c73-f836-4be5-b9c4-71f81fd75340|>>,<<|author_key|ee0fd5a1-fc60-4af5-9167-9fe04d690493|>>,"maven-jar-plugin documentation should point to additional documentation, such as manifest guide"
12803800,MJAR-46,MJAR,2006-03-17T07:30:00+00:00,2006-07-11T17:51:09+00:00,2015-04-08T08:03:52+00:00,,Improvement,Minor,<<|author_key|e32fa2ea-fdd7-448a-856d-476c4338d9c2|>>,<<|author_displayName|3c6a0c73-f836-4be5-b9c4-71f81fd75340|>>,<<|author_key|cb596539-fdc3-429c-910d-150ce58518b6|>>,Document <manifestFile> element in configuration
12803833,MJAR-45,MJAR,2006-06-15T17:03:14+00:00,2006-06-22T19:03:59+00:00,2006-08-22T07:51:40+00:00,,Bug,Minor,<<|author_key|2ce16b48-add4-4575-8773-82c6f3e68864|>>,<<|author_displayName|51d66ba5-615e-459f-8786-2ee9da1de974|>>,<<|author_key|5d95ec0a-d95b-4e20-8956-b88652a20e65|>>,SVN URLs wrong on generated Source Repository page
12803873,MJAR-44,MJAR,2006-06-15T16:24:40+00:00,2006-06-16T18:31:58+00:00,2006-08-22T07:51:35+00:00,,New Feature,Minor,,,<<|author_key|164bf81f-26db-4008-ba92-291b2accd917|>>,Provide capability to generate class index (as in jar -i)
12803813,MJAR-43,MJAR,2006-05-31T07:49:13+00:00,2006-06-22T17:48:28+00:00,2015-01-31T14:24:04+00:00,,Bug,Major,<<|author_key|2ce16b48-add4-4575-8773-82c6f3e68864|>>,<<|author_displayName|51d66ba5-615e-459f-8786-2ee9da1de974|>>,<<|author_key|33b47a55-4b79-49b1-b3c9-2e4f5d0847d0|>>,adding -Dmaven.test.skip=true generate a test-jar without classes
12803868,MJAR-42,MJAR,2006-05-25T08:55:56+00:00,2007-12-14T18:06:23+00:00,2007-12-14T18:06:23+00:00,,Improvement,Major,,,<<|author_key|1146d24e-9184-49d5-93e9-2ab631ff4d4b|>>,Add LICENCE and NOTICE files to the jar
12803895,MJAR-41,MJAR,2006-05-09T05:34:28+00:00,2006-08-09T01:50:11+00:00,2006-08-22T07:51:40+00:00,,Bug,Major,<<|author_key|0e3b5a5c-1f7f-4ce8-997e-4594d966f352|>>,<<|author_displayName|08005bea-00d4-4f51-9364-bb028b10f996|>>,<<|author_key|7fc27056-83de-4bdd-9416-ea0806fa3713|>>,Cannot specify additional classpath entries in jar manifest when using addClasspath
12803888,MJAR-40,MJAR,2006-05-08T08:36:07+00:00,2006-05-08T14:19:04+00:00,2008-03-11T10:35:08+00:00,,Bug,Major,<<|author_key|b1e009e7-ab1c-4576-9897-ab3082bbd617|>>,<<|author_displayName|96c80865-57a9-4aa4-9ce0-87b7a58c45aa|>>,<<|author_key|0b84e6eb-72f1-4266-b7f7-2c4d2e9593cf|>>,Incomplete jar indexes
12803829,MJAR-39,MJAR,2006-04-28T09:41:19+00:00,2006-06-20T23:25:22+00:00,2015-01-31T14:24:04+00:00,,Bug,Major,<<|author_key|2ce16b48-add4-4575-8773-82c6f3e68864|>>,<<|author_displayName|51d66ba5-615e-459f-8786-2ee9da1de974|>>,<<|author_key|91fe34d2-e17d-4832-a5ec-a4160b8ed4e1|>>,Maven Sets Manifest Attribute Values to Multi-Line Strings
12803969,MJAR-38,MJAR,2006-04-28T09:33:11+00:00,2006-06-21T00:48:11+00:00,2015-04-06T01:49:59+00:00,,Bug,Major,<<|author_key|be900c3b-c8e4-494e-90f7-60f123d2ddd7|>>,<<|author_displayName|f59cc5ae-f43f-44db-88ae-dce91db56bf3|>>,<<|author_key|91fe34d2-e17d-4832-a5ec-a4160b8ed4e1|>>,Maven Puts Arbitrary Extension Definition in JAR Manifest by Default.
12803886,MJAR-36,MJAR,2006-04-05T05:51:26+00:00,2006-04-05T07:14:02+00:00,2006-08-22T07:51:37+00:00,,Test,Major,<<|author_key|0e3b5a5c-1f7f-4ce8-997e-4594d966f352|>>,<<|author_displayName|08005bea-00d4-4f51-9364-bb028b10f996|>>,<<|author_key|6185ac93-f8ad-4445-9d7f-481bf5d9cbfa|>>,JarMojoTest uses wrong import for maven-plugin-testing-harness
12803830,MJAR-35,MJAR,2006-03-10T05:06:33+00:00,2006-06-22T19:24:38+00:00,2015-01-31T14:24:04+00:00,,New Feature,Major,<<|author_key|be900c3b-c8e4-494e-90f7-60f123d2ddd7|>>,<<|author_displayName|f59cc5ae-f43f-44db-88ae-dce91db56bf3|>>,<<|author_key|f5e357c5-49b3-4290-a5c6-56e08b2e7c87|>>,Abstraction for JarSignMojo so that webstart plugin can allow the user to choose how their jars are signed
12803805,MJAR-34,MJAR,2006-03-05T21:43:21+00:00,2006-05-14T22:55:28+00:00,2016-01-06T20:28:42+00:00,,Bug,Blocker,<<|author_key|c4a601cc-7e31-449a-af6a-0a622275858c|>>,<<|author_displayName|87bbf66a-d2a3-4e73-996c-19a0c0d3a0d2|>>,<<|author_key|78d8681c-8aba-4969-b953-eaf60f9423b6|>>,Invalid jar manifest created
12803807,MJAR-33,MJAR,2006-03-03T03:53:12+00:00,2006-06-22T18:26:01+00:00,2006-08-22T07:51:38+00:00,,Bug,Major,<<|author_key|2ce16b48-add4-4575-8773-82c6f3e68864|>>,<<|author_displayName|51d66ba5-615e-459f-8786-2ee9da1de974|>>,<<|author_key|b1e95fff-2378-48d9-b438-464e16915f8c|>>,Jarsigner shows password on command line
12803885,MJAR-32,MJAR,2006-02-23T03:29:04+00:00,2006-04-17T09:34:25+00:00,2006-08-22T07:51:39+00:00,,Bug,Blocker,<<|author_key|b1e009e7-ab1c-4576-9897-ab3082bbd617|>>,<<|author_displayName|96c80865-57a9-4aa4-9ce0-87b7a58c45aa|>>,<<|author_key|1394f154-2ca9-4182-90c3-452624477b6c|>>,[JarSignMojo] Verification of a signed jar fails
12803857,MJAR-31,MJAR,2006-02-14T09:29:46+00:00,2006-07-17T17:57:14+00:00,2006-08-22T07:51:37+00:00,,Bug,Critical,,,<<|author_key|1602aaca-638b-466b-9d51-1a3092d28914|>>,[webstart] NPE when signing dependencies
12803887,MJAR-30,MJAR,2006-02-15T09:16:56+00:00,2007-12-15T18:43:34+00:00,2007-12-15T18:43:34+00:00,,Improvement,Major,<<|author_key|33b47a55-4b79-49b1-b3c9-2e4f5d0847d0|>>,<<|author_displayName|63eecba0-bc17-47bd-8176-76eb0c456538|>>,<<|author_key|1602aaca-638b-466b-9d51-1a3092d28914|>>,Allow includes/excludes specification
12803893,MJAR-29,MJAR,2006-02-15T06:11:08+00:00,2014-11-25T14:30:37+00:00,2014-11-25T14:30:37+00:00,,Bug,Major,,,<<|author_key|1602aaca-638b-466b-9d51-1a3092d28914|>>,Artifact name not correctly calculated for EAR
12803958,MJAR-28,MJAR,2006-02-08T08:39:50+00:00,2008-09-22T15:46:49+00:00,2015-04-06T01:16:04+00:00,,Bug,Major,<<|author_key|b1e009e7-ab1c-4576-9897-ab3082bbd617|>>,<<|author_displayName|96c80865-57a9-4aa4-9ce0-87b7a58c45aa|>>,<<|author_key|d8d54bd1-4cd5-4b98-86fd-5c1a56a0354c|>>,Using the jar plugin with addClasspath and snapshots can create manifest classpath with incorrect jar versions
12803836,MJAR-27,MJAR,2006-02-01T12:56:47+00:00,2006-06-22T18:43:41+00:00,2014-10-31T13:37:41+00:00,,Bug,Major,<<|author_key|2ce16b48-add4-4575-8773-82c6f3e68864|>>,<<|author_displayName|51d66ba5-615e-459f-8786-2ee9da1de974|>>,<<|author_key|1602aaca-638b-466b-9d51-1a3092d28914|>>,jar:sign doesn't check if project produces an artifact
12803816,MJAR-26,MJAR,2006-01-30T11:16:05+00:00,2009-08-09T16:49:54+00:00,2015-04-06T00:09:22+00:00,sign,New Feature,Critical,<<|author_key|f273e39e-f00a-4703-a06c-85c72394c026|>>,<<|author_displayName|1ece65dc-1d82-4ae5-9911-b97bed89c6a2|>>,<<|author_key|9c2bcb82-d655-4806-a98b-d54d2825078a|>>,Need the ability to unsign a jar
12803878,MJAR-25,MJAR,2006-01-30T11:00:53+00:00,2006-08-22T07:32:30+00:00,2016-01-06T20:28:43+00:00,,Improvement,Critical,,,<<|author_key|9c2bcb82-d655-4806-a98b-d54d2825078a|>>,Do not rejar when not necessary
12803865,MJAR-24,MJAR,2006-01-30T10:57:41+00:00,2006-04-11T09:48:35+00:00,2009-03-12T12:58:06+00:00,,Improvement,Critical,<<|author_key|4acd5ea4-e3eb-4093-baa3-c6ca2105dc65|>>,<<|author_displayName|1155f30a-de4d-4106-9b0d-e05c8a8893bb|>>,<<|author_key|9c2bcb82-d655-4806-a98b-d54d2825078a|>>,don't sign already signed jars (also allow for in-place jar signing)
12803869,MJAR-23,MJAR,2006-01-30T10:56:16+00:00,2006-04-11T07:36:10+00:00,2006-08-22T07:51:38+00:00,,New Feature,Minor,,,<<|author_key|9c2bcb82-d655-4806-a98b-d54d2825078a|>>,Add a global property for skipping jar signing
12803863,MJAR-22,MJAR,2006-01-30T10:54:45+00:00,2006-04-11T07:32:07+00:00,2006-08-22T07:51:41+00:00,,New Feature,Blocker,,,<<|author_key|9c2bcb82-d655-4806-a98b-d54d2825078a|>>,Allow to programatically identify between types of sign failures
12803866,MJAR-21,MJAR,2006-01-30T10:48:50+00:00,2006-04-11T07:17:39+00:00,2006-08-22T07:51:40+00:00,,Improvement,Major,,,<<|author_key|9c2bcb82-d655-4806-a98b-d54d2825078a|>>,JarSign cleanups
12803858,MJAR-20,MJAR,2006-01-27T22:15:33+00:00,2015-07-14T06:47:00+00:00,2015-07-14T06:47:00+00:00,,Improvement,Minor,,,<<|author_key|c4a601cc-7e31-449a-af6a-0a622275858c|>>,Don't create empty jars
12803890,MJAR-19,MJAR,2006-01-27T11:28:30+00:00,2006-04-12T11:58:44+00:00,2006-08-22T07:51:38+00:00,,New Feature,Major,,,<<|author_key|9c2bcb82-d655-4806-a98b-d54d2825078a|>>,Ability to detect if a jar is already signed.
12803874,MJAR-18,MJAR,2006-01-24T11:57:21+00:00,2006-06-22T17:52:59+00:00,2015-01-31T14:24:04+00:00,,Improvement,Major,<<|author_key|2ce16b48-add4-4575-8773-82c6f3e68864|>>,<<|author_displayName|51d66ba5-615e-459f-8786-2ee9da1de974|>>,<<|author_key|f5e357c5-49b3-4290-a5c6-56e08b2e7c87|>>,JarSignVerifyMojo - Handle unsigned jar files
12803867,MJAR-17,MJAR,2006-01-11T13:19:52+00:00,2006-01-11T13:27:56+00:00,2006-08-22T07:51:36+00:00,,Bug,Major,,,<<|author_key|fd16b349-ce2c-4633-9e54-41c800ad3e3a|>>,specifying <manifestFile> does nothing
12803855,MJAR-16,MJAR,2006-01-05T22:06:48+00:00,2006-01-05T22:07:38+00:00,2006-08-22T07:51:36+00:00,,Improvement,Major,<<|author_key|be900c3b-c8e4-494e-90f7-60f123d2ddd7|>>,<<|author_displayName|f59cc5ae-f43f-44db-88ae-dce91db56bf3|>>,<<|author_key|be900c3b-c8e4-494e-90f7-60f123d2ddd7|>>,"ability to change output directory of jar, and source directory for classes"
12803882,MJAR-15,MJAR,2005-11-11T05:08:14+00:00,2005-12-01T16:27:21+00:00,2016-01-06T20:28:43+00:00,,Wish,Major,<<|author_key|d8efa952-375e-426c-a2a5-691f71e867ef|>>,<<|author_displayName|190f5fa3-6cee-4f1f-be91-d766e314e6ea|>>,<<|author_key|08b4131a-c642-4287-be3f-dff02cd0d858|>>,Excluding pom.properties and pom.xml from produced artifact 
12803839,MJAR-14,MJAR,2005-11-13T09:28:37+00:00,2005-12-08T22:13:10+00:00,2006-10-13T19:47:01+00:00,,Improvement,Major,<<|author_key|b1e009e7-ab1c-4576-9897-ab3082bbd617|>>,<<|author_displayName|96c80865-57a9-4aa4-9ce0-87b7a58c45aa|>>,<<|author_key|2e20ff88-817c-49dc-b70e-d18e71e26015|>>,pom.xml information automatically included in META-INF during jar 
12803968,MJAR-13,MJAR,2005-11-24T04:58:09+00:00,2007-12-30T11:04:56+00:00,2015-04-06T01:36:48+00:00,,Improvement,Minor,,,<<|author_key|75dd7fc5-4bc2-4762-9e36-59f0aa4bdb26|>>,configure test-jar to include only special classes of the test source
12803837,MJAR-12,MJAR,2005-10-13T14:28:18+00:00,2005-10-14T01:09:21+00:00,2006-03-08T23:03:28+00:00,,Improvement,Minor,<<|author_key|be900c3b-c8e4-494e-90f7-60f123d2ddd7|>>,<<|author_displayName|f59cc5ae-f43f-44db-88ae-dce91db56bf3|>>,<<|author_key|09a71bf2-b967-4c10-adde-555f0de37b2d|>>,Missing support for adding sections to the manifest at build time
12803864,MJAR-11,MJAR,2005-11-22T08:12:11+00:00,2006-06-23T02:06:01+00:00,2015-01-31T14:24:04+00:00,,Improvement,Major,,,<<|author_key|ff7e38f2-766e-42dc-87e9-e8c0e5a94fdc|>>,extention parametrization
12803828,MJAR-10,MJAR,2005-10-26T08:54:54+00:00,2007-02-11T13:20:40+00:00,2007-02-11T13:20:40+00:00,,New Feature,Minor,,,<<|author_key|2e20ff88-817c-49dc-b70e-d18e71e26015|>>,dealing with licenses
12803871,MJAR-9,MJAR,2005-10-07T16:43:37+00:00,2005-11-17T08:32:09+00:00,2006-03-08T23:03:28+00:00,,New Feature,Major,<<|author_key|be900c3b-c8e4-494e-90f7-60f123d2ddd7|>>,<<|author_displayName|f59cc5ae-f43f-44db-88ae-dce91db56bf3|>>,<<|author_key|2b791b0b-5f9f-4191-889b-5f9d9e2d6698|>>,Support jar signing.
12803856,MJAR-8,MJAR,2005-11-07T10:23:08+00:00,2005-11-09T22:47:25+00:00,2015-01-31T14:24:04+00:00,,Bug,Minor,<<|author_key|be900c3b-c8e4-494e-90f7-60f123d2ddd7|>>,<<|author_displayName|f59cc5ae-f43f-44db-88ae-dce91db56bf3|>>,<<|author_key|d63015d8-e4ea-4aad-8af7-780b98f977fb|>>,Maven creates jar for a project without java sources
12803972,MJAR-7,MJAR,2005-12-14T08:26:26+00:00,2006-08-21T19:18:21+00:00,2015-04-07T12:25:36+00:00,,Bug,Major,<<|author_key|885749a9-dd89-4604-86f6-39e763e312c1|>>,<<|author_displayName|ef5c39a9-49ed-4161-ae93-10de61e475e1|>>,<<|author_key|94f5bfb0-2814-419f-93a4-f1316086b78d|>>,jar plugin recreates jar files all the time
12803870,MJAR-6,MJAR,2005-12-13T04:09:30+00:00,2006-04-17T09:47:13+00:00,2006-08-22T07:51:38+00:00,,Bug,Major,<<|author_key|b1e009e7-ab1c-4576-9897-ab3082bbd617|>>,<<|author_displayName|96c80865-57a9-4aa4-9ce0-87b7a58c45aa|>>,<<|author_key|d270992d-1b35-42c2-8508-53d8e4f8931f|>>,"dependencies woth scope ""test"" are included in Extension-List of the manifest"
12803861,MJAR-5,MJAR,2005-12-09T08:54:22+00:00,2006-06-22T17:35:18+00:00,2006-08-22T07:51:35+00:00,,Bug,Blocker,<<|author_key|2ce16b48-add4-4575-8773-82c6f3e68864|>>,<<|author_displayName|51d66ba5-615e-459f-8786-2ee9da1de974|>>,<<|author_key|d270992d-1b35-42c2-8508-53d8e4f8931f|>>,no Implementation-Vendor-Id in META-INF/MANIFEST.MF
12803876,MJAR-4,MJAR,2005-12-19T06:27:47+00:00,2006-06-22T18:53:26+00:00,2006-08-22T07:51:37+00:00,,Bug,Major,<<|author_key|2ce16b48-add4-4575-8773-82c6f3e68864|>>,<<|author_displayName|51d66ba5-615e-459f-8786-2ee9da1de974|>>,<<|author_key|79d1d4fc-5b9a-4e00-bb58-378e8a0ae95b|>>, Multiline description provides invalid header in the generated jar files
12803854,MJAR-3,MJAR,2005-11-18T05:04:46+00:00,2006-01-15T09:53:44+00:00,2016-01-06T20:28:42+00:00,,Bug,Minor,<<|author_key|2ce16b48-add4-4575-8773-82c6f3e68864|>>,<<|author_displayName|51d66ba5-615e-459f-8786-2ee9da1de974|>>,<<|author_key|75dd7fc5-4bc2-4762-9e36-59f0aa4bdb26|>>,LICENSE.txt no longer saved in META-INF
12803838,MJAR-2,MJAR,2005-10-02T21:16:06+00:00,2005-10-03T07:15:08+00:00,2015-04-07T11:45:15+00:00,,Bug,Major,<<|author_key|0e3b5a5c-1f7f-4ce8-997e-4594d966f352|>>,<<|author_displayName|08005bea-00d4-4f51-9364-bb028b10f996|>>,<<|author_key|a3f93c78-c811-43da-8fbf-5f5eaa256238|>>,Output goes to the console because maven/plexus-archiver are not use as components
12803875,MJAR-1,MJAR,2005-11-14T13:20:40+00:00,2005-12-08T20:44:25+00:00,2007-02-21T13:05:56+00:00,,Bug,Major,<<|author_key|b1e009e7-ab1c-4576-9897-ab3082bbd617|>>,<<|author_displayName|96c80865-57a9-4aa4-9ce0-87b7a58c45aa|>>,<<|author_key|e81ec79d-3768-49c9-9a48-8c227fcf59ba|>>,Manifest generation problems caused by valid POM information
